City,Team,Conference,Division,PrimaryColor,SecondaryColor, 2010-07, 2010-08, 2010-09, 2010-10, 2010-11, 2010-12, 2011-01, 2011-02, 2011-03, 2011-04, 2011-05, 2011-06, 2011-07, 2011-08, 2011-09, 2011-10, 2011-11, 2011-12, 2012-01, 2012-02, 2012-03, 2012-04, 2012-05, 2012-06, 2012-07, 2012-08, 2012-09, 2012-10, 2012-11, 2012-12, 2013-01, 2013-02, 2013-03, 2013-04, 2013-05, 2013-06, 2013-07, 2013-08, 2013-09, 2013-10, 2013-11, 2013-12, 2014-01, 2014-02, 2014-03, 2014-04, 2014-05, 2014-06, 2014-07, 2014-08, 2014-09, 2014-10, 2014-11, 2014-12, 2015-01, 2015-02, 2015-03, 2015-04, 2015-05, 2015-06, 2015-07, 2015-08, 2015-09, 2015-10, 2015-11, 2015-12, 2016-01, 2016-02, 2016-03, 2016-04, 2016-05, 2016-06, 2016-07, 2016-08, 2016-09, 2016-10, 2016-11, 2016-12, 2017-01, 2017-02, 2017-03, 2017-04, 2017-05, 2017-06, 2017-07, 2017-08, 2017-09, 2017-10, 2017-11, 2017-12, 2018-01, 2018-02, 2018-03, 2018-04, 2018-05, 2018-06, 2018-07, 2018-08, 2018-09, 2018-10, 2018-11, 2018-12, 2019-01, 2019-02
Buffalo,Bills,AFC,AFC East,#00338D,#C60C30,0.0,3.56020942408377,2.5913928736695975,3.2309533306741125,3.1407476854564633,1.4023433896115878,1.1547189961286877,2.6052104208416833,3.1719532554257097,3.335392217418159,4.28046218487395,2.5163563160543534,2.1079618287993163,2.6133571588117044,5.8327698895650215,3.5673526488237677,2.7392729350211984,2.0514498590414822,1.1917918048061713,2.1564065855404437,2.2226827625511634,2.654555075403475,3.1444906444906446,3.1078814980435996,2.782306271057494,2.8564817195454313,2.721873017703708,2.463737597701007,2.0659118528233327,1.971899971881831,1.4025777103866566,2.1584682375981834,2.4589334502647824,3.1328236010555517,2.6409030184514704,2.9121302630311203,2.399876665867279,3.498617961913779,2.9538456753646627,2.5697793306658725,2.132799202241975,1.830204889224441,1.5633743403438392,2.154102266040958,2.625500351501413,2.836704150705057,3.196583837224699,2.929822824903494,3.5284971855520206,3.6529286304291544,3.019605636972237,2.844663534798149,2.798729654624851,3.2353788533563814,2.4177720138257652,2.792956891317547,4.506378892496228,3.3311793214862684,3.3549471254222327,3.4463230012707884,3.180133349658834,3.9834209305920543,4.207046334783127,3.1317241891020338,3.2235364170297993,2.0619219254601835,1.6691344097393592,2.1833323954757753,1.9915435305759845,2.170957002860224,2.726470859279348,2.715521560506363,2.5946783276588192,2.443705753904783,2.921606512021402,3.4236926118224473,2.8803771054293548,2.3838120635954643,1.788860341347036,2.535638657847054,2.067271902728696,2.3290166921069475,2.434904593538413,2.778583246626981,2.3078845779987223,3.5640382695912556,2.2766221983265567,2.7479251040647994,3.754240028056793,2.8127761088531544,4.058701229920308,2.3617110811483926,3.4547552332289433,4.423460225366566,3.022594054472259,3.242355838292633,3.1395052282580975,4.1790651455425865,4.237022183639617,3.919943588710416,2.8901787744231475,1.7403205474518277,1.2394433672461957,2.018975198465086
Miami,Dolphins,AFC,AFC East,#008D97,#F5811F,0.0,2.5654450261780104,1.8278574733919482,2.2138013562026324,1.2891128559709364,1.1716948057938925,1.0212254705646777,1.377755511022044,1.335559265442404,1.605929586164299,1.365546218487395,1.2833417211877203,1.5809713715994873,1.3401831583649766,1.8435880099166104,2.621212679011891,1.695883573383047,1.2937978252114377,0.83425426336432,1.9416607015032212,3.19672555826123,2.2694535085398475,1.8636768636768637,2.1185019564002237,1.8150201065101619,2.7793489998457344,1.745862407012283,1.663549318105808,1.5990663089121777,1.3850465763861803,0.9175846229318111,1.5334291726566243,2.377980908692279,2.195683063806753,2.0445700788011383,1.9510550149340014,2.120661893178937,2.147122153841455,1.7782166516343731,1.6608567541239645,2.7904337809260182,2.1797141443857226,1.1863049785208206,1.9330951048348903,1.5982554052309148,1.6078318298526726,1.6385664474555326,1.7239103896532384,1.874379165886875,1.696398850985662,1.9148547157604567,1.4304072131285681,2.28397512240307,1.5759147219821377,0.9014537896376237,1.4941939890710383,2.462389684027619,2.1292407108239093,2.0224738173238506,1.9945853362064203,1.8822560357973708,1.8830190137579224,1.6790759128309527,2.7561684179285075,1.2028040165642677,1.376399830761733,1.0745258407953184,1.3651454617072758,2.385129208555428,1.774745627608196,1.8036045761529247,1.725174521527105,1.6039242896099914,1.8053102268459924,2.076735757811339,1.3593655915200127,1.604911746130958,2.0290902428597604,2.053129014498073,1.319667299757679,1.4734446260342777,1.1157614850558866,1.8022015774631759,1.5862998277244273,1.5733051906573723,2.686418190228108,1.3234091647344781,2.4320186779034465,1.6664200737586787,1.4724332921010779,0.6509237821570304,1.1671146761020603,1.8913795945277732,1.6675547135555424,1.7060281409407414,1.6651520037524552,1.7419025758735016,1.765616593282312,1.7076878558532123,1.8173409769409696,1.1316657618908423,1.532144786601837,1.1556053332642775,1.5780394641882733
New England,Patriots,AFC,AFC East,#0D254C,#C80815,0.0,4.50261780104712,3.1698287829708467,3.470283207020343,4.4650181647720615,6.199833933019652,4.652249365905754,2.8807615230460923,3.895381190873678,3.9221741815935762,3.755252100840336,4.051333668847509,4.600484261501211,5.11503238775966,4.192021636240703,3.9833597172624526,3.746579667438434,4.621425694724124,7.031571648356411,7.712956335003579,3.515361898347236,4.047976011994003,4.213691713691714,4.941307993292342,4.39444987863638,4.455700107985807,3.8146589008707688,4.2362908919745825,3.6613685312413518,5.120227847871636,7.059715470722026,4.350271891993249,5.243363578102337,4.396440895865755,4.48605006873318,6.761248675209558,4.518825584980643,4.686712581891483,3.6093055080396854,3.5245908238268138,4.147825937451644,3.838093254536461,5.903976446078221,4.372784546720053,5.220872010444613,4.220730183575675,3.907181003663327,4.7923059157346,4.458488691821545,4.40373306375057,3.3276138505245987,3.7266426509932797,4.341669974857748,3.725151253241141,11.150931270661934,12.05126745598057,5.8568445440273145,5.053311793214863,10.634325191383905,6.074921266368308,7.632542659646702,6.421974029989179,6.081192194933852,5.485511423630334,5.927409532573686,4.8329307676240765,6.430233377987732,5.5236058747397445,4.708409239142658,3.7593191728794486,5.16331178662173,4.793079261164367,5.291013828602779,3.8567991209891654,4.67365580948679,4.210454560947068,4.083572605165667,5.045498035543432,7.75096347953753,14.776125919619272,8.915965739417638,8.11364419715397,6.551768562389957,6.410015862998277,6.2640597661565804,5.481169510918519,4.975525611299663,4.469282324088249,4.343871070268019,5.960858808976851,9.81896517790366,11.830025506479677,4.203889896159552,4.983916484123695,5.554754192947717,6.102137140511858,5.002550369803622,4.85324959098745,4.236614620905523,4.643400062272203,3.783354908756838,3.729155411489285,8.473791712658896,12.950836985795004
New York,Jets,AFC,AFC East,#0C371D,#0D7537,0.0,5.2356020942408374,6.062008329477094,6.541683286796968,7.242470409000352,8.515545714549313,11.97436924309171,4.233466933867735,8.736783528102393,4.4471896232242125,5.6722689075630255,4.604932058379466,7.463324312775958,5.934033206760479,4.764480504845617,4.715973935132349,5.54469735694741,4.409987917841321,3.3218487941233827,4.60361488904796,5.836485156209523,4.671193814857277,4.065191565191565,3.9407490217998884,3.8655218635655544,6.0343497711729315,4.0092843549968284,5.6298076327556945,4.821263130030922,5.229072372538527,3.3581590331356197,4.171094026710002,5.186022194488481,7.799918803707964,5.1404673856221805,4.781289141535793,3.759978073931961,5.268542980620924,5.328429695518303,4.782913221643467,3.5727180509946184,3.1930957277863112,2.2830775058325226,3.0180393507555863,5.17496162178448,3.7635072977166315,3.4095423048064615,3.3554389785212315,3.8941594805867874,3.7910076066721734,4.189052347332002,5.363500389728033,4.225221648802435,3.8438490348602707,2.5874097533015674,3.2246129326047357,5.70899446705382,4.737749057619817,5.488601836606522,4.391126581579093,3.8012444484021417,4.885801514917298,3.7602000601087626,3.9947034079688595,3.0281213630335344,3.863559680589549,2.351641636701215,2.425299645489843,3.998830488271147,3.95390819149435,3.5611316631340593,3.4470089181335384,3.875881432236619,2.9360630884991448,3.2834489933576467,2.991399584180688,2.1492144722021473,3.415915151761904,1.6590200036703981,2.8958456131158994,3.9077941969213392,3.0351075877689695,3.2279305458137104,4.772545073089191,3.391007304135307,4.501302432017917,2.959328830493856,3.6679961702105874,2.4144185613221762,2.1903163103021734,1.423157713929912,3.0667891893748767,5.056040876874897,4.310974286108973,3.132744987476888,2.7146668230189674,3.013261922978832,3.7102104904856543,3.899560239809913,2.0856609095404677,2.026697846633538,2.2110570862596797,1.9111187360202506,2.378060586858179
Baltimore,Ravens,AFC,AFC North,#280353,#000000,0.0,3.507853403141361,5.391022674687645,4.507379337854009,3.1407476854564633,3.1460466832733647,4.9192364170337735,2.80561122244489,2.392877017250974,3.675108091414453,2.8098739495798317,3.3719174635128333,3.475288420452927,3.9312039312039313,3.2589587559161597,4.215292861613224,5.35827043930601,4.1305879983890454,6.944895880734144,3.7446313528990696,2.5154137091342417,3.4541552753035245,3.7496287496287497,3.320290665176076,3.738724051733507,3.6663752763922455,5.3341791130845975,3.6206661629361707,3.1656459433769295,3.2417527596622193,10.926281050706864,12.78621580515449,7.407157553884035,4.245889437715678,4.400859648783133,4.472974274978322,4.3526671006200965,4.167493853366523,4.004291978975523,2.443383542785377,2.8394340044358097,4.333394079820884,2.2167890563796178,3.119932262740202,2.9655241675155306,3.089343823371916,2.696738314869577,3.4098782539839654,3.5601687229172363,2.9440410291815122,4.112401901493629,2.417718230143181,2.703453751488686,2.6672428694900603,6.061220117993758,3.2616120218579234,3.014160074382307,3.344103392568659,3.0112199344796564,3.2391292336593183,3.655428043500039,3.6085561910650794,2.940792868605647,3.467327218661355,2.1576853330446313,2.60284170330818,1.6766551505323275,2.9317427269146363,3.5737579560533477,2.7687907347493788,3.0555957819349913,3.1530779251143994,2.672131412066545,2.428406514694224,2.3568349929689374,2.004680807552915,2.8875389834039753,3.118702033670582,1.3699761424114516,1.8807169209946077,2.4634419734916873,2.1556945196710817,2.387666585550895,3.546147679396865,3.1813258533063014,2.828833653869562,2.8013934159974014,2.3367859465160694,2.0856280173382213,2.694822406785651,1.611027414662425,1.7717127128760488,2.6866655678259437,3.0963234858800543,2.8494997311792707,2.787956964029199,2.878092323386891,3.0997112206691337,2.087536324028676,2.760581695635451,1.9390041898080483,4.164955879704664,3.5211974272405633,2.5593635035468485
Cincinnati,Bengals,AFC,AFC North,#FB4F14,#000000,0.0,3.0366492146596857,2.012956964368348,1.0769844435580376,1.816477206140865,1.236276409262847,1.0345748231210787,1.9288577154308617,3.728436282693378,3.026559604694256,1.838235294117647,2.4660291897332662,4.785643070787637,3.3281215099396917,2.105025918413342,2.404005448588153,3.088071684156719,1.9381796214256948,1.9588723482632342,1.5479599141016465,1.5517330708253458,2.528147690860452,2.260914760914761,1.9564002235885969,1.9635546860848458,2.0131639841620816,1.4849201314803069,1.4207677348230543,1.5052159160640588,1.8948017669094503,2.400437051242028,1.635518886597079,1.6645866360845953,1.9419446511942622,1.825785591202153,2.141343096637441,2.0470040083593135,2.2952522028618114,2.173980654993313,2.073051934982651,1.785499372453278,2.4491682070240297,2.7307397618781155,1.285859847017121,1.345748267600178,1.7451359997803133,1.966279736946639,1.8410373156488171,1.982350315995566,1.9996794595194358,2.1511349891704876,2.985106069224125,2.271403996294826,2.9104004609622587,1.678429374540444,1.2930707346690953,1.135549560260338,1.6585891222401723,1.4122519647615976,1.631305596994309,1.739778937877759,1.513951151646313,1.8832188809562964,2.98561130548437,3.4000054131593904,2.884012874961841,4.938306423182683,1.658882448933656,2.0432719339675685,2.0408402494490554,2.282810463539541,2.4332810047095763,2.5123844254756103,2.055661413927871,2.4477243366221177,2.4233404151376408,1.8100018881314661,1.5339046882315819,0.9015415672600477,1.082803938262711,1.1765309876870684,1.6820129006844255,1.94677851100073,1.7005816432701657,1.9162940539339572,1.8623560630036273,3.1111036437156265,1.6046203234840843,1.8313633299906296,3.1061141544442483,1.3247497754509767,1.2237957420496217,1.2584473380583485,1.5422414303475223,1.7401224773469361,1.8557063703790566,2.095128793675083,2.3256069307039406,1.9648599410664287,2.772944559424165,2.2150768131475527,1.8310822978570143,1.068854008526231,1.3104856453855767
Pittsburgh,Steelers,AFC,AFC North,#FFB612,#00000 0,0.0,3.4554973821989527,5.1365108745950945,5.684084563222975,5.05097855384976,5.351047144570533,10.319049526097984,15.00501002004008,4.3962159154145795,4.23100679431748,4.332983193277311,4.680422747861097,4.51502634952286,4.370486188668007,4.480504845616408,3.5673526488237677,4.402080764951739,4.568566250503423,5.378231380961668,3.731209735146743,3.3469768405782085,4.100890731105036,3.8535788535788535,3.873672442705422,4.74586095714234,4.075178690800637,3.252407588951041,3.5277650468840966,4.3291501726606585,2.9161262233671055,2.2287383490166346,3.1189449340583786,3.2515937531622088,3.2410853237702146,3.8393773354760015,3.2541670681183157,2.8538147932440303,2.973290777759113,3.3262837060305417,2.421646687544782,2.7104860478310955,3.5953242560724794,2.128978383078367,2.817123749659161,2.7144517295304227,3.0920899067704686,2.947212781921702,3.492362004685077,3.4306033427868075,3.036504629344248,2.916936232454783,2.8636232769456558,3.6509196771205503,2.988187842120426,2.799312185547791,2.515938069216758,2.159068392092307,3.3430263866451266,2.715020453889634,2.9338637493784185,3.3804917686082883,3.556384294326789,3.9393922210187866,3.788090658478257,2.8521936828429912,3.8282124475816603,5.966297680321512,3.2693714478644984,3.2150327238377976,2.791062971819759,3.5690306612777944,4.108353652426601,4.0888774143578654,3.1474707575905088,3.539539722644594,3.0993308262988672,3.254096919741391,3.4042098406041976,6.5975408331804,2.7233828890780885,2.8159734403477397,4.011029592791373,3.560028056513835,3.309055554607945,4.186685922181798,3.438663972539377,3.1861509683345095,3.4785547153002137,3.9695978343662834,7.245538080933027,5.89374089726569,3.044460284607655,3.0871930113730013,2.908846920450733,4.076895841802279,4.110111107853771,4.656975261412905,3.6410352135100412,6.276873667779313,4.249619956409458,4.4561369320211766,5.631550513236089,3.0935910840354905,5.094964003450036
Tennessee,Titans,AFC,AFC South,#648FCC,#C0001D,0.0,2.513089005235602,1.920407218880148,2.353410450737934,1.6406890894175554,1.0425315988559831,0.9678280603390735,0.751503006012024,1.5025041736227045,1.945645460160593,1.2605042016806722,1.3085052843482636,1.3388406209941603,2.151738515374879,1.3432499436556231,1.3915988661046277,1.329043509637069,1.4020338300443012,0.7475784957420529,1.0110952040085899,1.7123465105434952,1.1670635270599994,1.3216513216513217,1.2353269983230855,1.5107053581132486,1.635213657633568,1.7040539761259443,1.70318712762136,1.20681979521363,1.4267703108418217,0.7202426080363912,1.381336333520845,1.649408034539751,1.4395425942215305,1.5469805804565433,1.541574332787359,1.8928363424577752,1.6538643617427424,1.6895779554007402,1.710771014306071,1.8370785550951636,1.3680976803519824,1.215575202954571,1.258592729725463,1.5265204229494556,1.9414809627768395,1.9563490312044842,1.9301197664060181,1.8283114751738336,1.70872733100736,1.6124722230035724,1.5413568153250894,1.8816990869392616,1.815038893690579,0.9442974508021608,1.6678051001821494,2.027222704894295,3.3537964458804526,2.304245242985419,1.8509309906624676,1.8455236589899708,1.8182872159530066,1.731812846263333,1.4331619170466934,2.0407610902103013,1.6473952838222141,1.1370419986368658,1.5215801024140454,2.389627330589479,3.4451634078867164,2.0932345080898904,1.9205718293864191,2.097687702709244,2.187791207109974,1.8800946621088614,1.9086788079846397,2.0502503401892036,2.412820878203693,0.9955955221141494,1.3163926910734167,2.3145573248680145,2.2098576985572898,2.5551467956884584,2.4186808125948795,2.425917182770017,1.9475618959515058,1.7837740963518038,1.636876571212067,1.6017579334418341,1.7388231136243153,4.697458212410852,1.186867168780756,1.7438602274600297,1.7662265900972904,1.6627545601174942,1.9392571311307203,2.4623820453965823,1.7908710594797579,1.518171184499574,1.856718987527244,2.300450531961786,2.3821357824599314,0.7739642442114532,0.9223565858724543
Houston,Texans,AFC,AFC South,#02253A,#B31B34,0.0,2.4083769633507854,2.892179546506247,1.7949740725967291,1.5469354271651237,1.7990589537780237,0.6073955413162462,1.0270541082164328,1.335559265442404,1.9147621988882026,2.3634453781512605,1.8621036738802215,2.321606608745193,2.6878117787208695,2.0329051160694163,1.9990428155947428,2.408515500496136,3.249597261377366,3.3911894082211966,2.3174659985683608,2.108699031138283,1.934326954169974,2.4576774576774576,2.498602571268865,2.1591855957685757,2.9953206150048852,2.375872210368491,4.293270243153188,4.1570911191057744,3.753322025596604,3.9044730856709626,1.910536075171365,2.0811549229264346,1.9013465051762637,2.2091424809773663,2.235282782541671,2.7458974271129537,2.3502283035291605,2.5386433614281714,2.74528431001586,2.8188023313790556,2.9379604800708132,1.604697010132663,2.4023765445386833,2.378732012453193,2.750202523650643,3.821114887231319,2.2584050941964433,2.477577991160762,2.4422718922983986,1.9500154707321875,2.637510796519834,1.6335847558554981,2.1959089599539037,1.1295673369190775,1.6374468731026108,2.5530812260886795,2.0,2.0504812180673198,2.0208298801038733,1.940137356827213,2.7003787293244708,1.7715073122877054,2.7949796526394493,2.0434676699055405,2.134758648021894,2.744600343133799,1.952619436160036,3.2071610102782087,2.363201575467717,2.5645413973327718,2.508433815424697,2.6511545350394528,2.0626156135690343,3.136539802672947,2.5057089946488826,2.519678887434811,2.3359729658204915,4.856395668930079,2.189621673543345,3.638261643378484,3.791422522034566,3.0218010564136333,2.3402186705784023,2.2412308717749325,2.8069235825401075,2.656899313372985,2.4560828627163858,1.8867097382279285,1.4393002297225659,0.8502445884580013,1.4204618648070697,1.8336904565683205,1.7020898703451541,1.9617356639872015,2.340887103866788,2.175465442489161,1.7787928365157621,1.3669654101507576,1.941427498672137,1.6360202855379704,2.2665226003961823,2.3196268398240374,1.0446920490750031
Jacksonville,Jaguars,AFC,AFC South,#006778,#9F792C,0.0,0.7329842931937173,0.9254974548819991,1.7550857598723575,1.1367631548107349,1.5038287664913736,0.5740221599252436,0.6513026052104208,2.058987200890373,1.7294626312538603,0.9716386554621849,2.0382486160040263,1.3673265916536106,1.5635470180924727,1.4153707459995493,1.9659095092589183,1.4884084553627808,1.6034031413612566,0.7237426596459295,1.4853256979241232,1.6113154758820787,1.9519651938736513,2.427977427977428,2.1632196757965345,1.7896605441437525,2.5093844808967964,1.8179459085404532,1.663549318105808,2.357088712685445,1.7070449618590644,1.2085804754047185,2.3105610767339626,1.8754005464296557,2.6625617430137356,2.5227981180661776,2.1389343867424606,1.8620028092774676,2.189881343249393,3.5401051223836033,4.035004387624483,2.639134845176487,2.0222071802348287,1.2190187587703063,1.9531866649445329,2.411730104302664,2.850434567697821,3.2826499536567066,1.9845590418687518,2.18821530886947,2.5162427724285874,2.5364968636606564,2.0209680703897983,2.058356490670901,1.9844425237683665,1.089039549331002,1.9799256223436552,2.4631517978264514,2.507269789983845,2.5333967036138034,2.1189015967733025,1.9857745522545887,2.246289998454166,2.051069765859357,2.789842871574766,2.394240398408531,2.0099722042213166,1.1323415356412607,2.0730403466321534,3.7221959831770235,3.56824682327566,3.98109506444266,3.2566217976552325,2.902877059364562,2.293495041655656,2.6094959357029346,2.9090310046694463,1.876412029350678,2.188384259918979,1.192879427417875,1.3283995895823781,2.3778760834780823,2.5505933330050716,2.7140382771010176,2.2805192146963003,2.6772571999888912,4.042408160284344,3.07638025471286,2.7714772849455485,3.5723092603856714,4.4985863226718505,11.773883606668837,3.0530483249027403,2.6240316466128233,2.873325044895704,3.022594054472259,3.4197179795373924,3.5807192042846214,3.3193152745599686,2.3659016714147727,3.286690232421839,2.39695995323005,2.5708625967945253,1.1251776298113807,1.696854482406576
Indianapolis,Colts,AFC,AFC South,#003B7B,#0C77EB,0.0,4.031413612565445,3.5863026376677465,5.424810530514559,5.836165475213876,3.9487037549589448,3.4174342544386596,2.905811623246493,2.949360044518642,2.5941939468807904,2.9149159663865545,3.4222445898339204,2.834354080615297,4.21413148685876,5.40455262564796,5.135662482052792,4.038247586974171,4.525775271848571,2.9968146655398815,3.6283106657122404,4.1733588933215895,3.530587647352794,2.721265221265221,3.286752375628843,2.89461290439445,3.080166606674551,2.15529669569229,3.0211442940134523,3.235432132930659,3.721575705902094,3.7628774026669047,2.59807904660708,3.0121091510102205,2.674402868935652,2.8790489651300124,3.150592542634165,3.055945732981603,3.066444726112121,3.422697726495195,5.060661927495512,4.128053917438922,2.7954231860664915,6.423092485300321,3.6322670455360857,3.207988407626863,3.7154508382419573,2.980315134395551,4.211620310798772,4.033802168060694,3.0463674133616068,3.5962420185086215,3.7589444339112545,3.3353182479820034,3.453183520599251,7.722280440710741,3.8725713418336367,4.782264087673571,3.864297253634895,6.075908543105936,5.0334272611746504,4.93549572012155,4.755371773071572,4.733281541506235,5.168743257974852,3.8839418626681463,2.6060550881270785,2.1518719593879996,3.316639468797479,3.5343993882554035,2.6632906644159986,3.4360641925249147,3.323424296068673,3.2498023332741677,2.767771457182993,2.9090306279939178,3.427669026005749,2.414203957263121,2.5965433707224723,1.7576619563222609,2.615320802497435,2.7261292558334547,2.5870303806194297,3.2751685538012283,3.0856090197349344,3.300747076957258,2.9651629865861673,2.6737009532130336,2.7643092298948857,1.9223287138261904,1.8130411733521823,1.419579243439769,5.2429986001494315,3.06823800890061,2.9078602016853154,2.7209903093405368,3.509131951569875,2.7964804896710023,2.421134694146454,1.6934231601599277,2.5146980713932487,2.0893361729374593,3.2328471096704483,5.408038740293077,2.292689795990213
Denver,Broncos,AFC,AFC West,#002244,#FB4F14,0.0,2.25130890052356,2.151781582600648,2.293577981651376,2.0274229462088362,2.094289141064674,1.0946469096248832,1.8537074148296593,2.949360044518642,3.1500926497838173,2.6785714285714284,2.7679919476597887,2.0509898874804158,2.1591839773657955,1.9607843137254901,2.47395353974156,3.8127311543434463,4.717076117599678,5.289388719148844,2.2369362920544025,4.631884358323403,2.4958109180703767,2.892040392040392,2.465064281721632,2.890990109770677,2.6765053735794724,2.55319762412779,2.706519180983761,2.4786129393221112,3.284383531823418,4.915711546180261,2.781423838989937,4.3360205079771985,2.652412206509236,3.3882553389223413,3.625108391945274,4.289287060193908,3.5597025182108335,4.220445992597892,6.215130461384879,4.887987208362705,3.6812371456093307,7.671381468504378,10.261046770281713,5.2352190069009055,3.7758646730101195,3.3212693648761973,4.422778712593619,3.9877344773476526,4.220038711427268,3.4591150741188716,4.372678309352771,3.912266772528781,3.289541918755402,4.349210576594624,3.1876138433515484,2.4555306598381272,2.7700592353257942,2.647123724814557,3.1396762252058124,3.3593428243858456,2.6704281960117484,3.123954476118108,3.3343416644312156,5.250764608763905,3.4677777837284904,6.759735833979647,12.596927578639356,7.638935744326743,5.436770291180194,4.420805961110599,4.65780420187715,5.095767511658303,4.54943740524903,4.457579256650928,4.119565093900181,3.9715868768352314,3.6846283818170713,2.5623967700495505,3.3510162202283493,3.3781413377371243,2.7317937860062043,3.651641162913869,3.5069166083886265,3.863137723220485,3.198870414100348,3.2343156692093147,2.9414625904326943,3.2572183224010476,1.652235377275137,1.676871271681058,2.5704004603189596,2.9264875556288117,2.9818641090916267,2.939980854718787,2.658966315851192,2.523590920683499,2.950380464023366,1.602944233191094,2.728987710397626,1.7487692728850286,2.008283810552854,1.5459862945854872,3.1895231557268837
Kansas City,Chiefs,AFC,AFC West,#F2C800,#B20032,0.0,2.094240837696335,3.5631652012956962,3.2309533306741125,2.496191257470995,2.1588707445336284,1.6486450407155253,1.1523046092184368,1.5581524763494714,1.8838789376158123,1.7069327731092436,2.692501258178158,1.566728386269762,1.9804928895837988,2.49718278115844,1.5940801826013327,2.3964879574224973,2.575010068465566,1.0314416347049773,1.4763779527559056,1.9092275011657427,1.4081194696769261,1.782001782001782,1.6713247624371157,2.0505017570553927,2.1237208823983136,2.0125713626665127,2.2766966840494978,3.959764652091781,2.4045569574327206,1.5653569995094323,3.335625143238119,2.8333389550376094,1.9960755125515934,2.2130147727932776,2.0690817997880337,2.053855904621604,2.3181589114732066,2.849656330668989,4.872275848743691,4.707460069116105,3.1273593501861447,3.587324271042278,1.91874399047086,1.8306767478228434,1.977180046958026,2.1560665577967075,2.13797881817282,2.160862617508602,1.9442012994217943,2.2988101600517568,1.7449984902427549,2.862908561598518,2.044943820224719,1.0844078021780792,1.6877276867030966,1.7109454783788316,1.8222940226171245,1.5785989509955358,1.961434333388585,1.8622201939024254,1.8173210697171125,3.0740528616874685,1.7681941931543832,1.5947167564348932,2.2236622946780993,4.186702390185434,1.6161161442800067,1.7475204102287296,1.4371454025413795,1.7430455903842863,1.9656635158154916,2.0944604908589226,1.745504109931988,1.7812024831654643,1.6945205012554108,2.681797761587593,3.374692099423895,3.1450724903652048,1.5303337917785491,1.1996337779907418,1.8641981387562165,2.47927969195093,2.3316901768809593,2.2342877773766214,2.0181610146797477,4.32530214948979,4.313121124770238,2.503192008197844,1.8956529422159392,2.86921763899674,2.2002559236007935,1.5131036756222185,1.5136265861504155,1.9105941593779094,2.2060332444079624,1.8579444019382811,2.20702074160289,2.323107584334919,4.892946757266617,4.877901662467579,5.327930848190167,8.287988502212482,3.882170706377286
Oakland,Raiders,AFC,AFC West,#C4C8CB,#ffffff,0.0,3.4031413612565444,3.4937528921795464,3.948942959712804,3.7853041134419314,2.9984315896300395,1.895608063008944,2.80561122244489,2.392877017250974,2.995676343421865,3.0987394957983194,4.227478610971313,3.1904287138584246,3.625939989576353,3.497858913680415,4.1674336413503665,3.4609255194395163,3.0205396697543296,1.9848750785499145,2.2772011453113814,2.318532718511994,2.9308874974277566,3.0145530145530146,2.3700391280044717,2.9815599753649966,2.7922044531290173,2.782423158987371,2.1342483061029838,2.1621686660008903,2.0825585719598365,1.8596976318958212,2.5647436298101964,3.8013964313421256,4.041207118208268,3.6786772251156847,3.2324886790634935,3.0131213813422866,3.6818716308049417,3.4468012316113583,2.758165409417694,2.682117497378058,2.1738564473718465,1.93872192425899,2.86878776136967,5.843531656647681,3.200560201013305,3.1524473672595668,3.1145864264739846,3.3888544980781137,3.9229223429043434,3.264324491575483,3.390984993715197,4.995368532486436,3.7360991068856237,2.2927148406968465,4.070848512446873,3.6352828204307466,3.741518578352181,3.040076044336564,3.2045969390574065,3.2647291265486036,3.45687123202968,3.296908935224302,2.5849423824390576,3.3880964625003385,2.8229585634027603,2.8386096030459,3.075797647853244,4.444144569642174,3.8542692361794906,4.212799009992232,4.118374027188617,3.5983412131089345,3.155815797159905,2.5037441836536374,3.4816346470648383,5.749034774172966,4.698919039960915,4.088364837584878,2.6382430632872707,3.9839478390334477,4.486680781919346,3.5986773357763493,4.170433418049704,3.8714694364984585,3.196435961730409,3.4364954019512304,2.9266144763991786,2.1354945831757877,2.163809860399364,1.478266159478116,1.6214220077120602,2.4476677105653537,2.789453949835218,2.8980185945265475,2.359942540529448,2.744197908696761,3.3698242069548603,4.641324415860711,3.3599516474660707,3.6993731527493585,2.9983792544570504,1.620437058353214,2.692260301702135
New York,Giants,NFC,NFC East,#192F6B,#CA001A,0.0,4.0837696335078535,2.4757056918093476,4.607100119664938,4.6994023204031405,5.95073346249654,2.9301828861300225,3.0811623246492985,4.062326099053979,3.1192093885114267,3.597689075630252,4.227478610971313,3.90257798034468,3.7376219194401012,3.917061077304485,3.2691528918013475,5.033526776317768,5.348872331856625,12.693666168281004,14.016642806012884,5.603336614683177,5.623658758855866,6.06994356994357,5.751816657350475,6.035575843205448,5.831233609297064,5.442304365376852,5.841622177354424,5.179819759117325,6.0753385518236,2.868706239129465,3.5210533991707815,3.507943468141802,3.3730292983287096,3.903270150438537,3.8780229309182004,3.8302100106204393,3.6925614281569263,4.804372842347526,4.837657894101262,3.8271753520279215,3.068131524823618,2.6833908694117548,2.9893371220275253,3.3313725771509732,3.8211750490862406,3.035485721851966,3.611138605694678,3.6551833350128846,4.00922170305623,3.688363196534556,3.6100753474197194,3.999603017070266,2.940939210602132,2.279398567632193,3.9000834851244686,3.2046885240904173,3.8276790522347874,3.601072768319386,4.033372009503288,4.269860528278365,3.5264337610140672,4.615332271033814,4.220721774814933,4.345684358675941,5.060545525629422,2.5998260828691624,3.1962185583253615,3.8875019679283898,3.808552539035026,3.827064600639819,4.2169077123484415,3.656431026414729,3.6078387738355193,3.514387954589626,4.111612265533578,3.8348601155015594,6.166154347250779,5.640943292347219,3.4710852053179644,3.7931359043031088,3.8426313457087993,4.000916131064001,3.8924045235130573,4.207515205376732,3.7867906614407087,4.985046540542357,4.225056448433524,4.468811476981922,3.0416151263474114,2.3603591352983906,3.4025815649127025,4.925828251194989,5.865056341641505,4.670924087648671,3.3991967400545278,3.395817393522061,3.2589241597399887,2.8272626864090054,5.965768603820583,2.950033175113561,2.85863497208716,1.8072113657183366,3.447395750822904
Philadelphia,Eagles,NFC,NFC East,#003B48,#708090,0.0,3.4554973821989527,4.164738546968996,2.7522935779816513,6.023672799718739,5.498662238213857,3.9914564143639035,4.05811623246493,7.122982749026154,5.744286596664608,5.199579831932773,5.91343734272773,8.104258652613588,8.063435336162609,4.435429344151454,4.9994477782277364,4.3629912499624135,3.569271043093033,2.121389412554985,3.301717967072298,3.378063312781721,3.504130287797278,3.8498663498663497,3.9295695919508105,4.035793210882875,4.118887231963799,3.5248832247275246,3.577312308778536,3.9681871232448174,2.901613620078187,2.0837978860990947,2.97518594912182,2.9227240530239147,3.281683469788213,3.2275552285620246,2.529145389729261,3.1827058138339788,3.2970389261335002,4.222001057444095,2.205888272564063,2.9589257775561784,5.090338705058447,3.34283180812507,2.593246365580287,4.754594625615128,4.587332317282476,3.6556031248620737,3.4956613547131217,3.5155406475389777,3.8341572867481166,4.992827205985767,4.176760973828534,4.797538705835649,4.537021031403054,2.134656469103352,3.0064131754705525,8.855762342432971,5.9579967689822295,4.696756233768438,5.6798718161224375,4.716214561604648,5.680939867058278,5.7738436151451396,3.9450478576769195,3.965680569464368,5.175691814973302,2.3445909422078075,3.193967700185696,4.819737759485415,7.283021522014348,5.435827222580603,4.158455526236681,4.6132993400351765,4.872112268599007,5.348752129325819,5.296015632988332,5.017872140945759,3.5950573051320154,2.165534960543219,2.9842600475909795,4.850730304871266,3.7185484268058495,4.394566197626648,4.36317737561192,3.7631571638848,3.5701244005161037,3.179990367059825,6.368816912513888,7.031185783096878,6.513076515285386,8.157481329330217,17.799572315593306,6.810614801384539,5.375643833994435,6.732320119592441,6.725103339098824,5.533027288956899,5.662490529575176,4.025904687379005,4.119123060861921,3.8979598465129013,5.319286871961102,6.938811183152116,3.383147629860414
Washington,Redskins,NFC,NFC East,#773141,#000000,0.0,2.8272251308900525,2.1286441462285977,2.193857199840447,1.8399156217039727,1.7252514069563614,1.0345748231210787,1.8286573146292586,2.615470228158041,2.347127856701668,2.0745798319327733,1.937594363361852,2.321606608745193,2.538902538902539,2.348433626324093,1.9953613371129846,1.6778422587725892,2.0791381393475636,1.2351296886173049,2.6172154617036507,4.774364022589503,3.1278478407854897,3.1816156816156815,2.8563443264393515,2.3765532731949426,2.3191237723042115,2.4104722911020127,2.5430132167321102,2.2656447401667648,4.413645475242406,3.558845827944521,2.464737379419547,1.9867102910918475,1.930103525272346,2.7222211465856065,2.5050582907794587,2.4598307581623216,2.438800910159889,2.7555749074736418,2.1245763325899865,2.340835238897581,2.460232745828018,1.3360996565053074,1.7723626239577503,1.9110199279780777,2.5813183946396454,2.4131614953436022,2.8473390742023823,1.9362826252825245,2.2721388679989643,2.5421225844561333,2.515325791569235,2.0047637951568085,2.2316335350043217,1.0369323938606192,1.5767304189435336,1.8382184827838493,2.2207862143241788,1.8858316500602583,1.9973479197745732,2.651409744097775,2.8037563765651567,2.864806319358991,1.9165900905785729,1.818280239261645,2.5283982883370197,2.1570424686831653,1.8412019582465815,1.937566066167375,2.060768040512027,2.3920799378612148,2.094258325261365,1.9508495635195973,1.9318766603151643,1.873235089002961,2.0149058725956897,2.1908835804181233,1.7390020967774769,1.1240594604514589,1.6831488637107865,2.977692972473453,1.4368014180905018,1.6676448274381255,2.2532280348644824,2.412030993973394,1.3961584341602356,1.6000761674339417,2.0495517405573676,2.0987796390975797,1.2139954055486835,0.9994668078969686,1.8309701909121359,1.8897313334432173,1.4810648668916386,1.8319149215174602,1.5493535809562897,1.3771996939556235,1.922633491814259,1.020129523436895,1.7816260371069068,1.9789071236016573,2.005762650819377,0.8645999566243376,1.3465702064740983
Chicago,Bears,NFC,NFC North,#03202F,#DD4814,0.0,4.293193717277487,7.172605275335493,6.661348224970084,7.898746044767374,9.521173539994464,11.72073154452009,7.48997995991984,5.230940456316082,5.92958616429895,5.751050420168068,6.618017111222949,5.982053838484546,5.316059861514407,6.720757268424611,5.363914147921806,5.89048922031452,4.0802456705598065,1.948037877310451,3.1003937007874014,4.1448629604683696,3.8069200693770764,4.1802791802791806,4.460592509782001,5.448683114154258,4.450557926672494,4.270226630528804,5.113277427506162,7.045998724597226,4.41545955065352,2.671364224234045,3.1585307415046775,3.8384996795628563,3.5709452601664524,4.375689751979709,4.07071972251662,4.366370893144678,4.025472259975872,3.762479395390788,3.102734818416752,4.05498340869625,4.708286688708964,2.425124183231605,3.0969704797577533,3.9124259336307943,3.9282723016298005,3.6015359491547865,4.274307961331617,3.624951412982451,4.126342263262362,4.882422435374532,3.1922588075024403,4.612941643509329,4.2788821665226155,2.396350183243497,2.4533242258652095,3.292331610956148,2.9693053311793216,2.653064688608626,2.766727443505166,2.739344827970035,2.7148709228628847,3.7278774234889167,2.7858475974133454,3.683113649281403,2.249369373229291,1.479705751016475,2.809070958302853,3.114949508580168,2.6527406573826604,2.9344778103977145,2.914258993286349,3.06746486373098,2.8623485723028135,3.6733013982096514,3.035140140197003,2.8595425513213666,2.5074812206094905,1.5534960543218939,2.903486366712511,3.890681018918618,5.964843172977497,4.461844572639174,3.3858119978849337,3.1938234232232623,4.188475302480707,4.836632055288596,3.7412127325137856,2.7941716396236442,2.5269482240678567,1.4467756191648566,2.4596147405123623,3.4382726223833857,3.6794742762417854,3.5943298495915235,3.6000117264225615,3.388166284111196,3.7178966323718337,6.43867607321457,3.901628234949358,5.140054657739546,6.100846389339096,4.959715662822202,3.2995370614845716
Minnesota,Vikings,NFC,NFC North,#3B0160,#F0BF00,0.0,3.193717277486911,3.5168903285515967,4.3478260869565215,3.586077581155514,4.382323092536212,1.5952476304899212,2.780561122244489,2.949360044518642,4.1074737492279185,4.831932773109243,3.9506794162053347,3.0195128899017236,2.5761298488571214,2.9975208474194277,3.6041674336413503,2.7813693357789337,2.7184857027788967,1.4843225205313224,2.563528990694345,3.0671985907465933,4.541846723696975,3.760766260766261,3.935159306875349,2.782306271057494,2.5325242968067054,3.1716740672394903,3.79532026111407,2.6109660574412534,3.7669275911799653,3.3436649868438657,2.9647686313727943,4.072924747866563,4.63833818255633,4.081395573970455,3.4251854706619134,3.705162903833636,3.3031473817632055,3.019158398905234,3.6292497564667143,3.21252342554545,3.1781260576397385,2.671338424056681,3.0266500193740042,3.1491657221560665,3.343356537738051,4.019729002074414,3.325744828268831,3.780429869138966,3.300334101808588,3.848696239205648,2.9169914400275267,2.4282122535397646,2.3779890521463556,1.778590906722402,3.199946873102611,3.43027420854482,3.2945611200861604,3.6163495323612787,3.8510414940051936,3.353777312748361,3.087803369918071,2.662364542634692,2.115783045197966,3.8677023844967113,4.1254505433298165,4.535476744459329,2.609870012942434,2.78208847806041,3.000890889482815,4.21148251030161,4.265339523698186,4.1163087150856015,4.744154995201602,5.41105991837108,5.480634862927323,4.533468757935036,3.6342446511817275,1.6273628188658469,2.39810509310804,2.9785486313735894,2.2984883549165396,3.003192144176126,2.652361539904822,2.960535451439998,2.87508824889841,2.796352924045387,3.8917418885777044,4.935694049439138,4.802526948224068,8.804826640997105,4.376465334375349,5.435140926322729,3.076589110571705,4.100499613160414,5.064348743806983,5.5266513644478445,4.667684165449694,5.266933212694764,3.499606219894137,3.450675797942679,4.399423734918062,2.2141009746576072,2.411504814208516
Atlanta,Falcons,NFC,NFC South,#BD0D18,#000000,0.0,2.0418848167539267,1.5964831096714485,2.0741922616673314,2.964959568733154,3.173724513331488,2.5764250433853957,1.3026052104208417,1.8920422927100724,2.625077208153181,2.2058823529411766,1.9879214896829391,2.2788776527560177,1.9507110416201325,2.2718052738336714,1.7928800206162796,1.371139910394804,2.0665525573902537,2.1430583544605515,1.7269148174659985,1.6164965545826642,2.048975512243878,1.9676269676269675,1.7775293460033539,2.4091584248088975,1.6737800174834165,2.3715472002768005,3.0954651868551113,4.278615345742441,3.1120463677675083,6.595905989385899,2.8522615996833136,2.9530812561136033,2.811421611746397,2.844198338786811,3.246940938433375,3.4310870533420124,2.5197379472534855,2.29449818057413,2.391859145178041,2.5024500111754895,2.0475905339616256,1.2086880913231002,1.9043928761068296,1.9253669244343696,2.1309607172769836,1.9287637374762767,2.185819393579465,1.979471085326001,1.8751618113002848,2.5695479733340836,2.00973266763572,1.6488024348286356,2.4696053010659753,1.0189843736430428,1.6402929568913176,1.3878092276738763,1.6036618201400108,1.8977135776483969,1.7307586054478148,1.7386658355502622,1.8211856546606895,2.4655934039138745,2.751031636863824,1.6834925704387367,2.170641445166266,0.9020188488566123,1.5013223791570536,1.6395654814115106,1.2953064190931682,1.629826616990745,1.7919770199405458,1.4264276378422862,1.5257514012712277,1.4908138883490152,3.2919028846044602,2.275523956481825,2.3359729658204915,7.510552394934851,14.531621804527692,2.7560773173382165,2.4186321335368555,3.338152564451252,3.5683217630102173,3.420168300608215,2.479489738783261,3.323924415022906,2.881046126434251,2.553606558275384,3.471019614772928,3.806776907414233,2.0911878118532132,1.3350914784901928,1.6823554950368047,2.4757733513421365,2.340887103866788,3.0489671002295333,2.2674118564228696,2.662607341835092,1.8274144215095514,2.279571089860479,1.2631010264721771,1.325547294038436,1.8904789565401066
Carolina,Panthers,NFC,NFC South,#0088CE,#A5ACAF,0.0,2.094240837696335,1.0874595094863488,1.316314319904268,1.3594281026602602,1.5684103699603285,1.1947670537978907,1.8787575150300602,3.227601558152476,3.4280420012353305,2.3634453781512605,1.3588324106693508,1.9940179461615155,1.4816469361923907,1.9517692134324995,1.9254132459595774,1.3079953092582013,1.414619412001611,1.027107846323864,1.7716535433070866,1.4377493394124656,2.0607343387129964,2.3537273537273538,2.174399105645612,2.1338260334021664,1.7611970998097393,1.7775791476846778,1.59046710681151,1.9082913212450818,1.5737104191421238,0.9789055880123088,1.6396858136966894,1.2244071912841097,1.6865146491643548,1.6147456872349901,1.8354369399749495,2.0076056048511424,2.044805522043889,1.9477187198706185,1.8444124206000982,3.9200178807833157,2.941214756189633,3.379850033144225,2.023507125328282,3.182163814005538,2.4563716000054923,1.9574524429536126,2.146227193242931,2.306263766321639,1.77530112312453,2.300216590250626,2.099615889668345,1.5700674870980549,1.8795736099106886,3.033794385164514,1.6545233758348512,1.371804837898395,1.9752288637587507,2.0046509259416427,2.0014917951268028,2.080388250091831,2.085909723295718,1.7459894412720376,3.0101537039045243,5.308685414242023,5.843004729031325,6.594749582833909,10.503629508750212,2.4278613678789105,2.6961129085197166,2.8673363261759635,3.094625739002639,3.2013941555193393,2.5313286693834405,3.1062433547885537,2.8556334427794,2.0417863025828336,2.0667508091932496,1.0667094879794459,1.9429344859955902,1.633452840359719,1.8543502880496332,2.298916388725862,2.0809524621761306,2.513400172188741,2.057112252598778,1.4102176372413948,2.9901029639907635,2.0401453254204407,3.000530128998056,2.0637039316655277,1.2890648482922682,1.4628317125432668,1.4751445542991337,2.2384243171297813,1.8088006801325085,2.1231828615149198,1.6107957352892734,1.1603311039651778,1.7289693950438654,2.2772511518492227,1.6484783000180083,0.7729931472927436,1.2207142982873036
New Orleans,Saints,NFC,NFC South,#D2B887,#000000,0.0,3.0366492146596857,3.5400277649236465,2.812126047068209,1.9219500761748505,3.16449856997878,3.6910959818448803,2.229458917835671,2.726766833611575,4.014823965410748,3.702731092436975,2.7679919476597887,3.5465033471015524,3.5738217556399374,3.9846743295019156,3.4127305525899203,3.4098084613765525,4.840414820781313,7.746646731240114,3.5343593414459558,8.926998601108751,5.779463209571685,6.147906147906148,7.965343767467859,5.097272035648299,3.8103563531650124,4.425926993829652,3.722238049819772,5.001744654738843,2.868053224972562,2.3157026267671585,3.0668583453132485,2.6562552703477587,2.901075850869477,3.1036418904528644,3.5552558049908467,3.2991880502929187,3.261915306262694,2.398687525269804,3.7628911627607415,4.565617316850919,4.350316315638749,6.060658235694178,2.818558861095564,3.519318230728397,3.3584599964300916,3.40402524606082,3.665577881157412,4.480082921843284,3.307731189821607,3.7073500042192906,2.667705941421419,3.02633320100569,2.7611639297032555,1.4213674075532217,1.8973891924711597,3.3571112838569057,2.5137318255250403,2.6131753602770185,2.7183822310624897,2.6692193813377263,2.5293708455711856,2.2223230335645066,2.7778570490905046,2.1235824288846183,2.259009527685988,1.1873369526898399,2.068538630352822,2.484087893304545,2.243634829089886,2.567174396714017,2.7505928721734194,2.381682345537573,2.0876507322772224,2.7278235717797163,2.201229280041809,2.657707808400232,1.8870997292510636,1.323637364654065,2.1503263693321983,3.95314411862855,3.1424491604707274,2.973131593638615,2.889453664693742,2.707806815341461,2.3309881442169584,3.045017193678103,2.6562764002027537,3.9882292985253742,3.808093302703658,5.880142709403147,2.048247610377788,2.86055711224658,2.842736763167762,3.1497921556799855,2.9257424291284337,3.061718949247641,2.9822230518375368,2.4429310281585095,3.2152603527537136,8.08776789484185,4.594993697100667,10.019130609298577,5.362517822252733
Tampa Bay,Buccaneers,NFC,NFC South,#89765F,#000000,0.0,0.680628272251309,0.25451180009254976,0.059832469086557635,0.12891128559709364,0.22142264046498755,0.2069149646242157,0.22545090180360722,0.5008347245409015,0.21618282890673254,0.21008403361344538,0.3019627579265224,0.22788776527560176,0.3201548656094111,0.225377507324769,0.23193314435077128,0.23453708993595335,0.14347563431333066,0.10617781533727708,0.17448103078024338,0.19947152997254028,0.23223682276508806,0.33412533412533413,0.3856903297931806,0.25721841828786723,0.36766596390188716,0.3445591373046537,0.27250994041941756,0.2995993310151484,0.1678019755281227,0.14605538955536726,0.3375210950684418,0.24454413600026983,0.3247851681439881,0.36593157660361286,0.4311590712014645,0.4556511014423242,0.39399538811599955,0.31412309893322554,0.3236376224710779,0.32236989151178586,0.19916169847179194,0.17648223555643558,0.2540147242433375,0.3414585156597466,0.3281569661270613,0.36633270071059715,0.37942525322511467,0.38293767905215725,0.3131433925511324,0.3930972405839498,0.2935248969502904,0.2871509858409422,0.2477672140593489,0.17832226538753249,0.284608378870674,0.2857926745621656,0.43726440495422725,0.2868636803421995,0.31217194320128183,0.3728892797114839,0.29853918689132786,0.26651998616364325,0.25969282049233194,0.24629875226676048,0.25653522137543583,0.1537051399562857,0.28023183838838556,0.25864201695792005,0.25671683781122523,0.31201042667754975,0.46928755135442063,0.3969470575895955,0.265650426292438,0.30182121665961653,0.2738045194787489,0.30210103456582743,0.2911059992264316,0.13029913745641403,0.2859824917589015,0.23616185643754972,0.29543552119749866,0.3864927926251449,0.4230132873931806,0.3207709612019885,0.36395062930593763,0.2716265107474489,0.28262617056899,0.21754974326938356,0.22618837250397597,0.0976922443809067,0.1837840623148204,0.15905719465963408,0.23187890987310797,0.2321037516883253,0.33420304300665477,0.32262178015812293,0.30415161463880624,0.326865312743264,0.21428963900437736,0.22642594989861872,0.19340896812533764,0.13983795629416468,0.19802503036383798
Arizona,Cardinals,NFC,NFC West,#9b2743,#c9002f,0.0,1.675392670157068,0.7635354002776492,1.0769844435580376,1.1250439470291809,1.1809207491466003,0.8877319450006674,1.4529058116232465,1.5581524763494714,1.3279802347127856,2.1796218487394956,1.0568696527428283,2.734653183307221,1.7869108778199687,1.2395762902862295,1.5388580053749585,1.5425323991941546,1.369311316955296,0.946932761273267,1.8969219756621332,1.9895342210248175,1.8696534085898227,2.0975645975645976,1.9675796534376746,1.9997826323225736,2.697074098832725,3.1659073871172367,2.7734079845412545,1.625536932536006,2.6050122903609103,1.6355973776925479,2.2022209721440924,2.4943501872027523,2.687935584274985,2.360161861797905,2.2521437518065324,2.632841138785159,2.603729212161935,1.5535097813578826,2.151143600106269,1.8903770438251122,2.710161151753404,1.5444347833572947,2.454040556249193,1.9554956169925826,2.4742211420960856,2.542260669991614,2.4035764954304004,2.300505304982509,2.307891460061889,2.521026131473095,3.139592857092699,3.6972343522561864,3.6502448861999426,2.493037905060763,2.066256830601093,2.0157909979118083,2.0936995153473346,1.8400013579345815,2.1423835571026024,2.279633566713788,2.1129618179007577,2.5427140807612263,2.7013760865718837,2.724984437166752,4.174186879749785,5.758067169616207,1.9638737268583648,2.174842003463554,1.9341679561119707,2.769915349069893,2.952670429874077,3.3320962354573767,2.692666101058429,2.735826407069933,2.709074177166294,1.736429868937633,1.6835291004213913,1.1052486694806387,1.7224441679219333,1.4323729988277474,1.6219410113742676,1.8179475801256817,1.939379466798574,2.2648373927291914,2.0461572169340507,1.918747269733526,1.6353405594154964,1.4269509608903648,1.0960417034811805,1.0187905485437414,1.4513788098693758,2.0735124443711883,2.1954492530538947,1.9827167940833212,1.9802996100964498,2.1920428462127006,2.0532979038793058,1.6229148071616923,2.5110350006410376,1.290349521860776,1.5436700882405907,1.1950966079584628,1.6994948161447607
Los Angeles,Rams,NFC,NFC West,#002244,#866D4B,0.0,1.6230366492146597,1.1568718186024989,1.2764260071798963,1.3828665182233681,2.223452348002583,1.0545988519556801,1.1773547094188377,0.9460211463550362,1.8838789376158123,1.9432773109243697,2.5918470055359837,1.694915254237288,1.987938351574715,2.280820374126662,2.646983028384199,1.6056770003307574,2.182339911397503,1.7530174001603502,2.626163206871868,2.370343505517849,2.7486256871564216,1.9861894861894862,1.8166573504751258,1.8584936419954352,2.3705455854373425,2.5805893547084944,2.5541613506583594,2.0274091275523096,2.4517229181217064,1.7181019488917628,2.3209783944829887,2.652882247782238,2.758982339806482,2.832581463339077,2.6543983042682338,2.5317756689163726,2.495304124734664,2.561969334121233,2.9570173814335052,2.4586077059298868,2.755070162193122,1.706281906696855,2.8745282071152825,2.6900618355547268,2.8394502341036096,3.8409762987156286,2.62463294730938,2.5006118365172827,3.734296598572362,2.3937441984754297,4.225915860877626,3.4087600899827972,3.661192739844425,2.0292842213743554,3.179075591985428,2.950904629079214,2.8540656973613356,2.8898545312579564,3.0443670921045363,2.4232237669608967,3.3708842170350906,3.5254356467646173,3.1477052857477155,2.874928952283,3.571141662069741,4.059319843004536,3.4471892408980924,3.430942581472235,5.442631406198715,3.025316289050672,3.124686863288687,3.1094186177851646,4.357501495152923,5.633424413220684,2.4585600836183095,2.4617327838219687,4.176251450440731,2.566984767847311,2.0826511231907787,2.2640734497599877,2.2482643163129645,2.3318398488383743,2.7018268033499924,2.56755630849557,3.422840032134771,3.6347547520638015,3.2389368750352,3.949322417487273,4.0576957059551155,2.693156890881699,2.420109755154971,4.447832536673809,3.7455844335247566,2.7786884171048665,3.1544076690803555,3.7095128793675083,3.0524963490826043,3.997375295992436,4.709793219656038,6.248521039517824,4.064469656041779,9.294368608968403,14.78850926757142
Los Angeles,Chargers,AFC,AFC West,#13264B,#C9AF74,10.0,3.612565445026178,3.5863026376677465,3.7096130833665737,3.621235204500176,2.9984315896300395,1.3149112268054999,1.7284569138276553,1.8363939899833055,1.945645460160593,2.9936974789915967,4.529441368897836,2.6491952713288707,2.8813937904846996,2.893847194050034,2.448183190369252,3.412815347144962,2.5145992750704793,1.3088040910962317,2.241410164638511,2.0905652556862337,2.0166387394538026,2.413127413127413,1.7942984907769703,2.1483172118972576,2.1442896076515656,1.8684043596101725,2.7808400738254204,2.2283452250604614,1.7143012635035237,1.221959595058645,1.5980165427005855,1.988396802374608,2.0315988903173423,2.195589459621677,1.9028808170343965,2.106958100654356,2.3257944810103384,2.4243460952321714,2.314572548767037,2.1697642831353265,3.2106688188279398,4.917397704870049,1.839812861468693,1.9253669244343696,2.0897694662986916,2.0688970296155715,2.3854300702761555,2.074485697421649,2.1809081158383985,2.878962617085314,3.4331177540429896,1.8300913060738389,2.5318352059925093,1.0218792156136196,2.59278233151184,2.027222704894295,3.108239095315024,2.117529238028958,2.4089728714293606,2.173888845601576,2.166099860874942,1.6688687644246853,2.398306003755558,1.880531572252145,2.2402647829090774,2.611577240358175,1.765798210567779,1.9994152441355735,2.6586017724011817,2.439473926723627,2.3430976318514314,2.397818404789182,7.952822709634348,2.2156421132058215,3.8520092252809053,1.9037573816174125,2.3364818923925657,3.2313268489631124,1.9669482830135132,1.9329334554073365,2.2285686148997983,2.9244621308635965,3.0992546096508433,2.9105451717721555,3.9133821846775567,3.5401055142981956,3.0592234948364405,2.7623885537051955,2.0166990634387703,1.0180748544457128,1.2796180039676746,1.6507334761826273,2.186568784165137,2.7852450202599037,2.9711823165547773,3.1076256057128284,2.549603065672592,1.9204356030501994,2.421289767211854,2.3459213169824102,4.8553934810012604,5.14292928148539,1.9072010702152753
Dallas,Cowboys,NFC,NFC East,#0D254C,#C5CED6,10.0,5.130890052356021,6.964368347987043,4.786597526924611,4.6525254892769246,2.4633268751729864,2.222667200640769,4.584168336673347,5.564830272676684,5.003088326127239,4.516806722689076,3.925515853044791,3.646204244409628,3.007966644330281,4.3903538426865,4.3331001730294885,3.4789668340499746,4.613874345549738,3.9589156861470456,3.981746599856836,4.707009999481892,4.250815768586295,4.6777546777546775,4.577976523197317,4.224178531319059,4.02118578701085,3.654633527478231,4.262303204469163,3.837037215290395,4.523397037614854,2.2867145341836506,2.916848969727275,3.2515937531622088,4.076730495974017,3.769676082789599,3.576934194045669,3.8096543218335674,3.80404074339905,3.1676670917177248,4.076867960680444,3.692209824114987,4.980344172242327,2.256389948260574,3.165855828705099,3.305547983529648,3.7195699633397865,3.981109590854923,3.6342340558909894,4.0525171674128675,3.9623734789737775,4.253748136479986,6.356429108119685,4.352256186317321,5.200230481129357,7.8924971485806585,3.466530054644809,4.823418232810523,5.0716208939149166,5.116018535807037,4.884247748494392,5.389641469740313,4.133173597155666,5.085995225322801,3.6008835263431256,4.574661000893172,3.303895157964642,2.112388070224917,3.4708232513645827,3.7042034950408205,4.998358887794814,4.630129411919588,4.163465713617689,4.334145514982331,5.69966202589744,3.1062433547885537,4.651268476124473,7.176852810386025,7.045579463794963,6.434208111580107,3.4940074661078,5.09031479690936,5.672362006991974,4.539143131164202,5.031811281491463,5.918293665120671,5.030795822479734,4.503959586455638,3.6587800994311634,5.467786746453172,3.2412970489485775,1.6718614129948577,2.975755962246975,2.9207186418328663,4.866496951039015,5.087924048309052,4.539591334173727,4.361132364192808,3.7497392201860045,3.258464059080294,3.5632520742138136,6.053182258970041,4.17720151269584,5.0746287982028235,2.8189963211349913
Detroit,Lions,NFC,NFC North,#006DB0,#C5C7CF,10.0,3.8219895287958114,3.6557149467838963,3.510171519744715,3.3399742177428804,3.6534735676722945,1.962354825790949,3.7324649298597192,3.672787979966611,5.404570722668314,5.908613445378151,4.076497232008053,3.4040734938043014,4.109895018985928,5.40455262564796,6.921179545705555,4.9553477463391165,4.26651228352799,4.010921146720405,3.0467072297780957,2.367752966167556,3.292471411353147,3.448915948915949,3.242034656232532,4.061152773249285,3.046742428138016,2.854506660515541,3.014950886276647,3.263105966719207,3.0367622382062422,1.510725594255898,2.793924620288768,2.9395891658515194,3.4812910210433725,3.0687912641096635,3.711821948164563,3.807941347767995,3.368813279782539,3.1808851429104594,3.0624813827860207,3.926035452091536,4.298898752961391,2.289964617463993,2.58033036265266,2.8077072064963198,3.690736087654982,3.096173368054023,3.2944010030024087,3.175791428530297,3.28800562178689,3.208067283620714,3.9991011677796737,4.522958846102951,4.657447421492365,4.983759936545064,2.20856102003643,2.2627158687335194,2.1992460958535274,2.1608134028143193,2.5705840101663076,2.6725586883202173,2.676225073427114,2.524568039150085,4.998658729388666,4.308333558881642,3.8817688612299768,1.6738348727349643,2.200213831523268,2.4244877763533723,1.835701223800816,2.5935043905264683,3.0628945522562545,2.862536911235538,2.557754628019861,2.8678731893585154,3.0987627671298243,3.9533566419907418,4.657695987622906,4.147091209396219,1.8927238195035694,2.057003995927064,2.2571273819488895,3.298071830401237,3.2288877138519796,3.539589524259172,3.203739318840227,4.815349978157868,3.5809555017382535,3.838629601012675,2.5481533839901043,1.4585845717823287,2.298159582964763,2.308389648920389,2.4490359757661873,3.5838392845434637,3.3654832751898214,3.2198418770721755,3.048104268004787,4.228463366223646,2.979450173080093,3.208474269567517,1.9171618944714568,1.319397013553276,2.2407632324725846
Seattle,Seahawks,NFC,NFC West,#002244,#69BE28,10.0,2.25130890052356,1.5733456732993985,1.1966493817311528,1.066447908121411,1.236276409262847,5.179548791883594,1.3527054108216432,1.8363939899833055,2.1000617665225447,1.7331932773109244,1.7866129843985907,2.207662726107392,1.9283746556473829,1.5731350011268876,1.6603467952729816,1.5665874853414319,1.8752517116391463,1.100782248802791,2.1206156048675733,2.144966582042381,2.6486756621689156,2.4465399465399464,2.1799888205701508,2.188167952758758,2.9696097084383197,4.425926993829652,2.9753130767610956,2.493051461298745,5.094830792116028,7.051910984257236,3.5939746234139633,4.158936823287347,3.9684687732593544,4.383434335611532,4.485017824453223,5.013875089931139,4.489714887833483,4.182346903865891,4.36186228494602,4.606021009920396,4.8892244409153625,9.38627226474057,11.997531608329387,5.220872010444613,5.656931801018797,5.194862514896059,6.013065426111056,5.718152109756273,5.663703721968118,5.0406458327473205,5.505347349498269,3.586740770146884,4.855661192739844,9.815251185437788,11.45453855494839,3.8319081805295165,4.243403338718363,4.454025427325039,5.779324824575943,5.169247208895913,4.7814577214407175,4.68167873567455,4.998087975937034,3.4801201721384687,4.155977699109357,6.457496063362242,4.222609870012943,3.0058700492544363,2.9246963942420408,3.7559736173462,3.842813721233174,3.9291304277669306,3.9903197540995006,3.1514022110690645,3.7588475215578456,4.821897116367495,3.518718319320888,4.97063681409433,3.1174274674176434,2.7620669296391687,3.159190506671919,3.6545040724888707,3.559793269312774,3.3340739300691533,3.0150692601699247,3.5009016880047494,2.6532043766096125,3.1870763396844706,4.16018731224598,1.7860146216304227,2.13326920929913,3.586616119993407,2.829909419217335,3.0212827338412516,2.575415555099528,3.0209130323896964,2.7692071195634274,2.1678261826451637,2.110844520961922,2.240132143669121,2.6976409148208176,2.2976153096666225,2.259245568639876
Cleveland,Browns,AFC,AFC North,#FE3C00,#22150C,20.0,2.9842931937172774,2.059231837112448,2.8520143597925807,3.1055900621118013,1.891318387305102,1.6753437458283273,2.004008016032064,1.725097384529772,4.478072884496603,3.177521008403361,3.3467539003522897,2.7773821392963964,3.387685205867024,2.01938246562993,2.1389389979015574,2.19803349670746,2.9777486910994764,1.5774989707252596,3.923586256263422,3.792549608828558,6.726048740335714,3.9055539055539055,4.125209614309671,4.209687352823968,4.381138478942767,4.858428002998673,3.811423121229763,3.75762534441891,3.129280084173099,3.192034964099362,3.9356626455820156,4.395048402873815,4.611272751877665,3.7154639973668417,3.3481067540225453,3.588680667374696,3.654383580471267,5.5904581221036915,4.335295017429738,2.6434331103966437,3.165108953164458,3.429781592472387,4.768875303167291,5.486291444886013,4.929219700402301,7.2328640155360375,3.6820746312976342,3.933029094625916,4.852489736540382,3.2432280385924446,3.038474232305996,4.392616117506948,4.219533275713051,1.7554321709577874,4.251100485731634,3.285472586766656,5.431340872374798,3.663028533600394,3.176971103375877,3.2547112056011307,3.481991034162931,2.894293636977096,2.8446352029313897,3.0075513573497172,4.335391684831217,3.4919739594350045,4.160711271172135,6.089332703596249,7.5749050499367,4.485314445951105,4.300410835365243,4.498733319348749,5.037622220058694,6.449713612822829,5.550506140719618,6.254923791107552,4.531991124320583,3.2703248302440815,5.583207806667104,8.258819704113153,7.994485203604313,5.1875921499019455,4.610503692837771,3.8270336323492655,5.841468461669548,3.899660606875231,6.678579291488958,6.368672836969209,7.642251281145079,4.062637547459465,5.64663649401843,10.6189220372507,10.49276735144949,6.024206978848398,6.411421535575035,5.622290232083652,9.092705851350017,10.562803379510191,6.690140845070423,5.052824988516307,6.1613542229425535,2.5588403807994715,4.123321187798138
Green Bay,Packers,NFC,NFC North,#203731,#FFB612,20.0,5.968586387434555,7.1263304025913925,5.564419625049861,5.613500527364351,5.138850447458252,10.65945801628621,16.182364729458918,8.45854201446856,4.323656578134651,6.355042016806722,6.366381479617514,4.628970232160661,4.55662273844092,5.327924273157539,5.297647535250157,6.807589379679466,7.1662303664921465,6.617694857960085,4.921259842519685,3.448007875239625,4.06855395831496,4.399316899316899,4.963666852990498,5.6769191754519435,4.777086440067877,8.047402110604924,5.2371455822422615,4.5613697344515165,4.590517827826103,5.18998349908576,3.683563556055587,4.293857725908186,4.262805331889844,4.832620186257237,4.74756720300607,4.955633971701668,4.776812302429638,3.8837744533947065,3.528616167389887,4.624073723845056,4.183046523131394,4.018629636963128,3.3438096468190754,3.647006499189395,4.198761516387252,4.073796177781701,4.5498036886733315,4.61972560931719,4.554140520015287,4.3641529070912215,3.500530170567458,4.585814476644171,5.26822241428983,6.931409614349152,4.3535595021250755,4.147423293246147,4.329563812600969,3.6757591703019705,5.172937731366374,5.2059795857033135,4.84329108053795,4.320459094852762,3.899958334998031,5.8992611037432,4.930403440464013,5.429034759923852,3.3031343199594847,3.324112183163529,3.0243353495568996,3.7559736173462,4.403954707906076,4.4793700482468175,4.00561899331006,3.9899850232653855,4.057646644474488,4.5184939221699185,4.023064552246402,9.65727656450725,3.501648219704412,4.149090006759705,4.588113644197154,4.2528521736640945,3.8958159209920344,4.542172355375343,3.9024271490128295,5.2096284597376705,3.9593264076268104,4.408533210584864,4.2710726276727335,2.0300663090581823,2.497402117810737,3.70693917916598,4.060347719692933,4.310310914121612,4.183401248864003,4.506503442999235,4.2954552941047295,4.910723383096743,4.4748988076704705,4.848206455923497,3.3711507293354943,1.7298473111944817,2.4299871503758075
San Francisco,49ers,NFC,NFC West,#AF1E2C,#E6BE8A,20.0,3.926701570680628,2.4525682554372974,1.675309134423614,1.054728700339857,1.439247163022419,0.8209851822186623,0.9268537074148296,1.669449081803005,1.5441630636195183,2.2058823529411766,1.9627579265223956,1.680672268907563,1.7794654158290522,1.3883254451205769,2.617531200530133,2.8535345942207657,2.665626258558196,5.393399640295565,2.563528990694345,3.289984974871768,2.507569744539495,3.0108405108405107,3.1470095025153717,3.474260044198094,3.0338869748547332,3.0404820944582203,2.6780295053944583,2.9430520629038273,3.420439187657031,5.399589706997279,7.337958622413901,3.2397881741828853,3.281683469788213,3.7871013959611997,3.576934194045669,3.849052725341738,3.6467480109341355,3.054147357944826,2.115720576751226,2.60474872341523,2.2389419697482493,5.493332415051783,3.5002367933870064,2.8550522948020833,3.299419203361206,3.154654190757823,3.8767362829522583,3.1700329671911667,3.3175939738389655,2.822705409130545,2.2203964692746845,2.293238057430197,2.765773552290406,1.5910051470290236,2.076692471159684,3.1604859237581358,2.212170166935918,1.958820633815966,2.6879938118128073,2.37424726455103,2.567050548771062,2.137830527312628,2.1443207177795407,1.8193628711397407,1.3758642666252496,1.394157324496463,1.9514940070902032,1.8948339068438926,2.281145965208421,1.7535775879092668,1.923911954307091,1.9169638390912171,1.8414720649800413,1.8252180772616584,1.7433735897931129,1.5261310884101282,1.5807259328624066,1.7549091576436042,2.104481847752527,2.544729569004612,2.593923876114038,2.2616985642508483,2.1867057840244257,2.1620795956341823,2.037636633639263,1.7076066624102513,1.9020946080865901,1.5179163447259256,1.6783000530128998,1.0968012052288612,2.0551180426138558,2.5737596835338716,1.9961320624395635,2.2003960188305642,2.1591275541614143,1.8145881152767152,1.583345228552919,1.2373604607089146,1.4546969724720233,1.2328150591816187,1.2007923644876644,0.8005075599895122,1.5613173505131048
