City,Team,Conference,Division,2010-07-28,2010-07-29,2010-07-30,2010-08-31,2010-08-32,2010-08-33,2010-08-34,2010-08-35,2010-09-36,2010-09-37,2010-09-38,2010-09-39,2010-10-40,2010-10-41,2010-10-42,2010-10-43,2010-11-44,2010-11-45,2010-11-46,2010-11-47,2010-11-48,2010-12-49,2010-12-50,2010-12-51,2010-12-52,2011-01-01,2011-01-02,2011-01-03,2011-01-04,2011-01-05,2011-02-06,2011-02-07,2011-02-08,2011-02-09,2011-03-10,2011-03-11,2011-03-12,2011-03-13,2011-04-14,2011-04-15,2011-04-16,2011-04-17,2011-05-18,2011-05-19,2011-05-20,2011-05-21,2011-05-22,2011-06-23,2011-06-24,2011-06-25,2011-06-26,2011-07-27,2011-07-28,2011-07-29,2011-07-30,2011-08-31,2011-08-32,2011-08-33,2011-08-34,2011-08-35,2011-09-36,2011-09-37,2011-09-38,2011-09-39,2011-10-40,2011-10-41,2011-10-42,2011-10-43,2011-10-44,2011-11-45,2011-11-46,2011-11-47,2011-11-48,2011-12-49,2011-12-50,2011-12-51,2011-12-52,2012-01-01,2012-01-02,2012-01-03,2012-01-04,2012-01-05,2012-02-06,2012-02-07,2012-02-08,2012-02-09,2012-03-10,2012-03-11,2012-03-12,2012-03-13,2012-04-14,2012-04-15,2012-04-16,2012-04-17,2012-04-18,2012-05-19,2012-05-20,2012-05-21,2012-05-22,2012-06-23,2012-06-24,2012-06-25,2012-06-26,2012-07-27,2012-07-28,2012-07-29,2012-07-30,2012-07-31,2012-08-32,2012-08-33,2012-08-34,2012-08-35,2012-09-36,2012-09-37,2012-09-38,2012-09-39,2012-10-40,2012-10-41,2012-10-42,2012-10-43,2012-10-44,2012-11-45,2012-11-46,2012-11-47,2012-11-48,2012-12-49,2012-12-50,2012-12-51,2012-12-52,2012-12-53,2013-01-01,2013-01-02,2013-01-03,2013-01-04,2013-02-05,2013-02-06,2013-02-07,2013-02-08,2013-03-09,2013-03-10,2013-03-11,2013-03-12,2013-04-13,2013-04-14,2013-04-15,2013-04-16,2013-04-17,2013-05-18,2013-05-19,2013-05-20,2013-05-21,2013-06-22,2013-06-23,2013-06-24,2013-06-25,2013-07-26,2013-07-27,2013-07-28,2013-07-29,2013-07-30,2013-08-31,2013-08-32,2013-08-33,2013-08-34,2013-09-35,2013-09-36,2013-09-37,2013-09-38,2013-09-39,2013-10-40,2013-10-41,2013-10-42,2013-10-43,2013-11-44,2013-11-45,2013-11-46,2013-11-47,2013-12-48,2013-12-49,2013-12-50,2013-12-51,2013-12-52,2014-01-01,2014-01-02,2014-01-03,2014-01-04,2014-02-05,2014-02-06,2014-02-07,2014-02-08,2014-03-09,2014-03-10,2014-03-11,2014-03-12,2014-03-13,2014-04-14,2014-04-15,2014-04-16,2014-04-17,2014-05-18,2014-05-19,2014-05-20,2014-05-21,2014-06-22,2014-06-23,2014-06-24,2014-06-25,2014-06-26,2014-07-27,2014-07-28,2014-07-29,2014-07-30,2014-08-31,2014-08-32,2014-08-33,2014-08-34,2014-09-35,2014-09-36,2014-09-37,2014-09-38,2014-09-39,2014-10-40,2014-10-41,2014-10-42,2014-10-43,2014-11-44,2014-11-45,2014-11-46,2014-11-47,2014-12-48,2014-12-49,2014-12-50,2014-12-51,2014-12-52,2015-01-01,2015-01-02,2015-01-03,2015-01-04,2015-02-05,2015-02-06,2015-02-07,2015-02-08,2015-03-09,2015-03-10,2015-03-11,2015-03-12,2015-03-13,2015-04-14,2015-04-15,2015-04-16,2015-04-17,2015-05-18,2015-05-19,2015-05-20,2015-05-21,2015-06-22,2015-06-23,2015-06-24,2015-06-25,2015-06-26,2015-07-27,2015-07-28,2015-07-29,2015-07-30,2015-08-31,2015-08-32,2015-08-33,2015-08-34,2015-08-35,2015-09-36,2015-09-37,2015-09-38,2015-09-39,2015-10-40,2015-10-41,2015-10-42,2015-10-43,2015-11-44,2015-11-45,2015-11-46,2015-11-47,2015-11-48,2015-12-49,2015-12-50,2015-12-51,2015-12-52,2016-01-01,2016-01-02,2016-01-03,2016-01-04,2016-02-05,2016-02-06,2016-02-07,2016-02-08,2016-02-09,2016-03-10,2016-03-11,2016-03-12,2016-03-13,2016-04-14,2016-04-15,2016-04-16,2016-04-17,2016-05-18,2016-05-19,2016-05-20,2016-05-21,2016-05-22,2016-06-23,2016-06-24,2016-06-25,2016-06-26,2016-07-27,2016-07-28,2016-07-29,2016-07-30,2016-08-31,2016-08-32,2016-08-33,2016-08-34,2016-08-35,2016-09-36,2016-09-37,2016-09-38,2016-09-39,2016-10-40,2016-10-41,2016-10-42,2016-10-43,2016-10-44,2016-11-45,2016-11-46,2016-11-47,2016-11-48,2016-12-49,2016-12-50,2016-12-51,2016-12-52,2017-01-01,2017-01-02,2017-01-03,2017-01-04,2017-01-05,2017-02-06,2017-02-07,2017-02-08,2017-02-09,2017-03-10,2017-03-11,2017-03-12,2017-03-13,2017-04-14,2017-04-15,2017-04-16,2017-04-17,2017-05-18,2017-05-19,2017-05-20,2017-05-21,2017-05-22,2017-06-23,2017-06-24,2017-06-25,2017-06-26,2017-07-27,2017-07-28,2017-07-29,2017-07-30,2017-07-31,2017-08-32,2017-08-33,2017-08-34,2017-08-35,2017-09-36,2017-09-37,2017-09-38,2017-09-39,2017-10-40,2017-10-41,2017-10-42,2017-10-43,2017-10-44,2017-11-45,2017-11-46,2017-11-47,2017-11-48,2017-12-49,2017-12-50,2017-12-51,2017-12-52,2018-01-01,2018-01-02,2018-01-03,2018-01-04,2018-01-05,2018-02-06,2018-02-07,2018-02-08,2018-02-09,2018-03-10,2018-03-11,2018-03-12,2018-03-13,2018-04-14,2018-04-15,2018-04-16,2018-04-17,2018-04-18,2018-05-19,2018-05-20,2018-05-21,2018-05-22,2018-06-23,2018-06-24,2018-06-25,2018-06-26,2018-07-27,2018-07-28,2018-07-29,2018-07-30,2018-07-31,2018-08-32,2018-08-33,2018-08-34,2018-08-35,2018-09-36,2018-09-37,2018-09-38,2018-09-39,2018-10-40,2018-10-41,2018-10-42,2018-10-43,2018-10-44,2018-11-45,2018-11-46,2018-11-47,2018-11-48,2018-12-49,2018-12-50,2018-12-51,2018-12-52,2018-12-53,2019-01-01,2019-01-02,2019-01-03,2019-01-04,2019-02-05,2019-02-06,2019-02-07,2019-02-08
Buffalo,Bills,AFC,East,0,0,0,0,0,29,23,24,34,25,25,30,32,34,37,49,88,65,39,58,41,37,40,39,21,45,21,28,66,18,40,12,36,23,16,11,2,19,13,10,24,59,56,46,18,32,11,20,39,14,28,31,11,16,80,63,82,74,115,42,141,256,543,418,260,268,160,146,296,236,157,172,180,147,118,322,215,147,92,95,131,82,156,133,96,97,158,210,280,173,226,107,249,229,350,193,155,104,158,136,151,99,128,141,131,220,178,220,181,213,257,367,526,468,354,501,519,672,449,206,337,414,496,292,408,371,567,578,497,400,260,232,335,158,365,273,247,220,174,427,317,418,259,429,267,738,468,305,283,206,328,274,241,260,367,327,320,294,302,343,356,464,524,815,1131,803,840,855,1033,612,567,742,822,551,605,465,500,634,501,675,683,479,446,456,441,324,590,346,209,283,348,390,289,682,406,506,456,614,343,1125,611,662,358,532,397,392,364,455,585,444,603,718,914,644,553,547,825,1241,1102,636,1190,1236,651,888,711,990,1203,872,1030,985,1714,1473,945,1357,972,1170,757,508,851,866,613,591,1646,1774,1286,883,815,659,773,743,609,1136,1093,799,676,578,605,586,547,494,558,555,701,841,757,1033,1119,838,978,1743,2652,1600,1564,1314,980,1622,780,766,1500,861,2537,879,991,967,772,1369,924,742,551,433,544,566,414,373,322,439,395,386,344,391,433,398,644,468,504,445,452,328,260,395,556,334,413,370,362,332,335,475,428,349,377,627,2340,1107,1784,1125,1072,1217,1387,821,2360,507,625,912,984,908,1082,1415,1335,943,627,588,552,766,482,520,441,728,556,473,474,491,492,542,759,425,477,397,282,397,513,298,285,320,369,373,461,367,326,977,712,635,510,1066,814,1228,1558,1369,701,758,1156,2107,815,2161,1695,1434,1337,1028,1880,1339,7461,1742,925,866,704,911,600,585,542,913,1798,712,610,714,688,754,1968,874,563,476,432,428,449,588,671,359,384,656,649,533,727,1081,852,881,697,1690,3085,3349,2031,1157,1371,1740,1458,4023,2119,1101,1051,1121,1078,945,1153,968,1306,888,900,804,451,803,591,583,134
Miami,Dolphins,AFC,East,0,0,0,0,0,24,20,12,25,11,15,24,30,29,16,33,22,21,47,17,19,29,39,29,24,57,31,27,25,7,21,13,16,7,6,4,1,15,6,7,15,19,8,12,17,12,6,10,21,6,14,21,5,13,66,47,43,33,40,39,90,183,53,77,93,115,239,217,160,147,122,129,97,121,102,148,125,79,59,50,128,81,92,113,117,106,186,366,453,217,180,92,178,261,204,82,88,74,109,77,128,90,59,105,116,131,91,165,171,295,234,295,345,355,267,219,365,295,226,248,420,236,346,262,396,349,305,271,424,219,193,164,228,120,252,228,144,147,237,438,290,365,212,277,206,470,379,242,237,139,248,135,193,178,248,231,270,336,251,308,446,290,261,269,455,441,642,647,688,256,296,672,695,1153,818,566,377,546,881,857,766,362,374,316,289,252,389,447,262,238,228,315,219,282,248,293,224,357,206,352,347,410,279,277,246,227,241,209,359,285,317,268,314,330,303,324,778,743,468,508,423,612,457,454,588,992,861,752,576,980,586,530,457,410,375,372,372,246,412,426,365,373,654,1186,755,438,522,435,377,494,521,657,594,529,392,372,374,287,310,253,413,263,388,542,412,456,494,466,457,777,621,774,1456,870,559,812,1568,481,604,484,477,517,449,796,506,791,849,394,356,324,250,385,331,215,281,941,406,280,307,335,218,284,658,330,315,312,301,239,177,246,301,217,228,226,259,203,382,208,274,324,255,654,1111,735,1081,488,696,610,422,442,403,571,631,844,603,1013,982,1385,2836,570,332,321,236,311,338,288,241,394,335,364,571,230,270,300,264,269,219,259,420,216,223,185,245,211,250,261,258,264,716,624,362,365,257,808,494,617,898,537,850,651,1705,914,676,927,719,511,526,1666,509,404,498,440,380,362,298,355,273,426,543,563,717,379,271,332,376,362,532,362,295,294,281,215,252,345,229,235,229,334,442,277,300,440,341,350,322,637,735,963,1779,652,939,962,1191,534,748,438,508,633,957,1256,852,681,1037,1170,828,628,357,722,502,331,99
New England,Patriots,AFC,East,0,0,0,0,0,47,37,8,69,28,17,25,68,29,38,31,88,60,95,111,116,175,230,126,66,154,264,191,71,32,46,8,25,19,21,13,12,28,19,23,20,55,34,33,45,23,19,40,51,12,61,64,19,30,190,136,167,190,156,89,146,262,291,238,231,212,284,252,309,332,276,217,300,416,544,410,383,460,893,856,748,709,677,245,265,238,244,272,421,288,385,162,349,398,404,233,234,158,174,194,351,164,161,182,258,356,295,335,285,416,440,411,624,555,536,878,694,851,933,617,644,549,594,876,856,943,1763,1600,963,1326,1401,1578,1743,706,680,471,391,552,445,1208,672,581,475,617,455,795,800,519,503,371,474,483,668,583,980,589,589,573,458,774,540,699,721,846,991,1326,915,956,1103,936,1146,1109,725,869,711,1555,1673,1675,1334,1176,936,1188,2168,2551,929,791,1314,730,405,445,489,1313,869,804,646,788,617,843,543,807,930,951,653,799,674,587,652,447,735,671,826,866,890,746,784,806,972,1101,878,759,1875,1482,971,1114,1326,1464,1221,1819,1619,1414,1517,1208,1466,1896,3268,2553,8363,6906,5655,1668,1466,1173,1403,2415,1621,1610,1269,1110,1111,1231,936,3721,5042,2280,1033,931,1058,1014,1086,810,1151,1178,1675,2893,1776,1449,1522,1170,1531,4531,1853,1938,1755,1799,1865,2538,2988,2072,2007,2092,2766,3534,1863,2163,2058,2030,2166,3543,4838,2248,1178,1827,959,771,822,968,1122,977,658,638,673,690,1118,829,968,867,975,676,536,618,848,533,701,948,608,865,539,576,586,679,961,1220,2130,2935,2011,1514,1478,1719,1493,1737,1196,1652,1264,1691,1738,3081,2521,2258,3380,4129,3606,4612,2811,7955,1597,1446,1239,2615,2369,2026,3094,2204,1713,2748,1114,1093,1207,1053,890,753,918,821,964,801,984,1212,1076,1000,814,1201,1018,1076,957,3831,1639,1846,1606,1829,1822,1491,2110,1931,1474,2214,1808,2239,2233,3076,4307,3088,4124,6620,8525,6558,4111,8796,1104,986,833,1234,1601,958,946,1472,973,994,1363,997,1041,817,855,1083,1055,912,964,917,780,1006,1086,746,975,989,1084,873,1029,1567,2226,2693,3610,2154,1489,3025,1902,2408,3031,1529,1514,1749,1956,2319,2717,2153,3227,5570,5602,10574,3866,8072,2230,2082,373
New York,Jets,AFC,East,0,0,0,0,0,43,54,16,79,85,54,46,87,92,64,70,123,95,125,241,167,283,280,149,96,237,507,698,332,33,53,24,55,74,19,7,30,61,11,24,34,57,85,20,52,48,23,43,48,23,78,74,29,40,350,200,168,181,184,125,189,356,267,243,365,265,373,196,285,328,780,278,322,362,376,601,426,392,430,237,281,234,287,271,208,216,441,231,1049,449,396,192,345,557,354,257,227,158,204,129,214,168,141,137,182,340,298,474,421,423,529,681,793,701,518,695,1055,1654,901,679,505,555,830,1627,1025,1070,873,2125,1241,813,626,627,652,571,669,474,412,597,422,940,753,710,496,617,633,2315,1172,600,536,381,643,429,543,401,485,412,448,502,605,553,681,690,883,950,1593,2543,1177,1308,763,1739,1408,1694,1141,938,991,1024,822,986,1048,953,1252,896,665,722,397,532,702,514,351,442,448,1262,962,768,602,596,692,712,478,998,618,776,509,490,513,512,413,392,772,529,644,695,757,750,718,577,1108,1440,844,2168,1355,1459,2645,1505,1567,2043,1191,1054,1602,2108,1173,1567,1142,1318,1116,1234,944,683,958,895,790,671,1456,3253,1315,1132,1004,901,929,1067,1969,1752,1627,986,906,690,865,645,735,609,660,591,780,1199,916,2073,1007,751,740,1379,948,3192,1551,923,1082,2431,1855,1551,1836,852,833,1157,1012,1758,1943,3217,1321,866,658,466,481,582,522,489,417,1378,719,619,654,792,680,706,1120,594,663,418,639,734,304,529,542,379,333,674,571,716,443,461,467,494,595,1088,2352,1077,1330,986,846,1883,955,839,617,592,801,1053,2141,1569,1490,1248,1178,955,657,506,482,713,682,698,737,1311,1274,886,680,508,683,560,1215,563,606,476,407,502,886,516,738,469,429,627,591,597,672,1080,727,724,1032,1597,1259,1266,1320,1249,2517,1333,1128,1743,672,644,1058,1290,928,1031,921,1407,1088,863,730,772,1008,1078,715,869,927,897,2785,1199,814,736,721,866,1804,769,500,388,635,411,450,472,472,363,349,454,717,586,544,815,825,592,982,1132,3642,3245,1388,975,984,1168,1033,917,1307,895,1038,853,1100,1524,1188,1655,1660,1981,1200,1089,646,911,734,671,139
Baltimore,Ravens,AFC,North,0,0,0,0,0,17,41,31,97,58,32,36,39,63,77,35,39,82,65,66,59,100,98,54,51,196,337,132,60,38,43,10,25,20,6,3,8,22,14,11,20,69,30,19,27,23,27,31,40,6,52,69,13,31,109,121,113,124,139,90,205,214,96,201,241,143,216,441,354,533,370,370,344,413,395,418,334,505,794,1198,609,159,214,215,241,165,193,170,268,252,338,148,398,245,399,198,183,116,163,153,208,113,106,194,253,279,208,248,231,357,325,387,548,907,586,1620,725,812,852,349,405,387,542,794,867,936,971,778,570,1635,2914,1699,2835,1737,3817,661,489,842,643,1295,1039,863,409,595,568,723,721,420,468,455,506,421,371,452,531,454,459,576,688,657,599,546,689,658,2417,769,887,839,858,761,661,484,721,816,851,601,884,1261,1116,2486,1369,792,574,652,370,577,972,426,472,259,354,597,467,541,501,524,481,630,389,504,500,824,476,566,397,545,439,432,616,470,656,573,733,529,498,411,664,2975,1039,938,818,762,624,954,661,1387,622,561,1372,891,885,993,1035,2993,4442,1424,1776,771,1090,853,722,738,602,1083,991,921,866,600,731,887,674,817,935,676,748,526,527,531,588,554,659,631,869,928,907,880,825,808,668,1112,1339,1448,2240,937,1215,871,1806,762,713,1160,855,1472,1017,1027,1024,902,1028,894,763,552,476,1028,511,515,662,558,987,663,526,441,597,514,751,512,545,545,525,458,336,470,499,333,462,359,432,305,449,356,349,405,553,698,1202,943,1295,938,889,780,465,852,993,1144,934,1092,1155,2223,1197,1188,755,704,776,498,358,488,435,404,396,772,585,536,837,565,426,573,530,441,445,373,280,415,581,439,293,554,557,463,495,622,739,511,425,440,462,781,972,2319,1138,627,796,996,1544,813,491,959,740,1402,1208,1947,1324,1242,1856,888,828,636,649,616,439,428,450,566,1303,701,495,672,525,527,1223,710,464,456,434,447,470,505,429,370,497,517,567,509,758,653,516,612,549,1012,2192,987,784,1948,996,1459,1144,1152,1015,907,878,1111,1596,1840,3243,3119,8375,1837,980,806,472,762,1038,622,258
Cincinnati,Bengals,AFC,North,0,0,0,0,0,22,34,18,39,11,10,15,19,6,11,14,22,36,23,68,23,35,39,23,25,49,28,32,32,18,35,11,20,31,9,4,10,23,21,12,14,45,15,19,21,12,16,11,35,17,30,32,17,41,236,106,94,67,146,78,135,108,108,102,117,101,238,124,246,388,209,136,199,177,124,210,220,510,168,57,82,59,71,73,129,78,110,107,198,153,191,118,244,274,211,117,134,91,103,135,89,50,57,117,109,130,134,132,172,209,167,163,264,308,258,182,344,274,178,261,244,261,270,325,329,466,554,416,422,1492,283,180,267,114,313,183,183,163,172,212,211,295,188,223,226,375,323,209,211,141,234,167,180,234,269,216,279,237,273,345,341,326,339,362,709,298,1136,569,638,507,446,533,972,625,438,278,366,609,515,1063,943,2267,785,393,180,124,338,242,182,112,144,231,222,283,294,311,262,352,249,462,388,479,335,273,246,296,240,234,390,288,291,301,524,272,368,362,499,604,826,814,840,1650,951,706,549,1418,698,552,636,823,887,708,1919,2164,527,399,320,227,379,325,297,359,252,433,354,346,353,306,347,433,351,437,361,332,368,284,214,328,245,298,354,323,299,461,343,323,293,500,286,684,736,1030,1088,1686,1353,936,1226,1760,903,1576,1447,738,1366,1161,769,1957,6662,2484,572,350,251,503,400,281,301,443,422,399,378,526,409,269,521,456,410,370,372,349,289,293,393,273,344,438,317,373,363,272,224,333,435,747,1370,1067,1036,860,1145,1007,1086,411,374,1030,694,653,511,893,809,583,766,386,433,233,170,241,260,258,241,394,294,337,286,261,323,280,794,430,338,287,213,239,204,295,181,207,325,313,313,349,328,287,219,295,531,734,2719,1446,730,596,478,746,925,901,870,749,638,571,3484,1446,929,1013,2157,630,493,320,210,421,460,306,273,350,448,228,406,293,444,276,425,431,330,239,243,247,255,368,347,240,255,525,424,316,315,416,564,530,475,980,1925,896,931,1083,1516,1222,1942,580,1005,1243,1267,1305,641,1116,923,1279,2057,1039,476,387,238,421,434,340,191
Cleveland,Browns,AFC,North,2,0,0,0,0,28,22,19,35,9,23,16,23,37,36,31,61,82,61,50,49,59,41,42,30,76,35,59,61,17,43,10,14,10,7,1,6,14,19,13,19,82,37,23,41,19,27,18,39,16,33,42,14,23,112,63,99,98,140,71,148,114,87,92,70,108,139,191,247,162,173,120,152,521,190,202,197,186,206,109,154,136,154,233,222,256,363,335,300,432,444,263,509,924,445,197,209,146,132,156,266,164,130,208,254,260,336,309,361,437,344,377,951,716,468,1158,968,707,642,462,671,442,827,890,647,784,1221,592,549,805,589,600,699,454,759,372,396,380,438,644,553,735,500,655,533,837,537,415,390,319,525,268,269,283,456,479,554,395,467,427,543,595,517,580,958,713,3772,1301,2259,920,700,1143,944,829,839,615,660,1384,1100,619,655,1503,781,1090,1096,447,933,1017,689,599,563,1374,895,821,711,1035,633,862,841,3123,1554,968,537,608,482,519,469,590,736,488,625,529,984,687,1180,884,1205,1399,1160,574,977,1115,934,844,941,2387,1503,1157,1231,1845,1842,1245,1619,1233,721,577,789,520,989,959,1116,1373,659,1418,950,850,1161,999,1131,881,2065,1102,953,631,742,616,407,478,594,547,584,462,932,781,878,917,792,665,835,1369,1038,1562,853,1150,1646,970,1098,1932,941,795,1330,3245,1811,1276,1045,1984,2634,1759,947,933,758,947,893,926,832,1518,1160,1398,935,938,1307,1713,2397,841,882,822,509,540,555,552,681,527,768,620,617,617,691,785,576,1084,1317,2231,3108,3363,2338,3048,1736,1824,1866,2571,2666,2015,2081,1502,2181,2123,2632,2219,2034,1388,1392,1084,911,1697,1277,1057,1314,4612,1461,1134,1775,924,980,1236,4718,1146,854,757,559,681,934,557,438,450,644,659,680,614,653,932,720,1489,1860,1811,1927,1571,1249,1493,2575,2728,3960,4327,2514,2748,2342,2447,4659,2662,3802,4917,4303,2413,1615,1726,2018,1909,1690,1443,2112,4342,3531,1757,1975,1785,1686,1696,4916,1685,1005,957,775,966,1065,1104,1080,683,746,937,1144,1145,971,2536,1734,2219,1591,4663,5657,11296,3590,4525,2769,2782,2277,3924,2220,2119,2280,3257,2090,4224,3382,4421,4500,2123,1326,1317,864,1204,1809,1003,243
Pittsburgh,Steelers,AFC,North,0,0,0,0,0,32,27,28,77,27,47,69,39,79,93,55,68,75,143,120,129,168,132,124,59,141,323,557,485,280,294,26,30,34,13,13,7,47,26,21,19,41,37,21,63,41,35,35,52,16,86,101,32,33,113,100,75,154,196,154,265,289,128,299,195,155,217,249,396,559,223,176,300,521,386,445,389,857,932,338,282,117,225,174,291,264,223,238,384,279,388,204,405,323,373,213,214,138,175,153,250,157,111,191,276,272,472,325,235,363,415,370,410,788,463,555,561,775,523,736,813,641,984,916,697,733,848,772,580,425,441,335,582,433,615,355,276,261,312,549,467,455,308,589,373,485,608,426,401,285,509,363,314,279,310,390,367,315,401,456,415,349,470,497,800,624,1213,1353,812,820,636,615,651,706,764,600,917,1114,562,1589,1333,1262,733,499,428,450,876,421,341,274,326,467,499,481,450,523,464,690,433,567,578,878,481,607,551,475,357,363,617,520,540,682,564,469,722,433,777,1099,669,1363,755,882,541,1394,887,2084,1003,1282,1008,913,986,1001,1234,3061,924,687,819,549,877,582,583,518,567,769,646,597,629,652,759,949,651,719,778,781,578,487,435,520,513,487,675,618,719,862,838,945,710,929,726,3153,1221,1384,2035,874,2144,1208,1363,1352,1024,743,1127,1191,1769,1928,1845,1947,5707,3734,1604,719,554,1043,750,501,470,660,734,569,609,566,592,571,617,633,626,695,549,626,408,543,677,451,602,504,749,551,546,441,490,469,635,789,2184,1820,1279,1651,1239,1542,723,1083,977,1520,1104,992,1268,1656,1603,1964,3792,2149,4651,3246,574,746,574,483,549,620,807,790,948,626,607,1832,868,581,559,648,468,438,482,473,436,453,725,634,849,643,440,670,579,560,937,1232,1325,1711,1415,1007,1477,1582,1579,1429,1162,2030,1372,2485,4522,4045,3936,3511,2670,8445,3528,1411,1015,1332,628,738,487,1332,726,577,936,626,558,581,990,870,720,608,719,522,586,710,701,652,642,826,1243,715,692,829,792,678,668,5868,2788,3016,3566,2782,1991,1903,1640,1836,3587,2376,1626,1398,3156,3396,3292,3792,5669,1742,1675,1700,1015,1313,1741,1985,252
Baltimore,Ravens,AFC,North,0,0,0,0,0,17,41,31,97,58,32,36,39,63,77,35,39,82,65,66,59,100,98,54,51,196,337,132,60,38,43,10,25,20,6,3,8,22,14,11,20,69,30,19,27,23,27,31,40,6,52,69,13,31,109,121,113,124,139,90,205,214,96,201,241,143,216,441,354,533,370,370,344,413,395,418,334,505,794,1198,609,159,214,215,241,165,193,170,268,252,338,148,398,245,399,198,183,116,163,153,208,113,106,194,253,279,208,248,231,357,325,387,548,907,586,1620,725,812,852,349,405,387,542,794,867,936,971,778,570,1635,2914,1699,2835,1737,3817,661,489,842,643,1295,1039,863,409,595,568,723,721,420,468,455,506,421,371,452,531,454,459,576,688,657,599,546,689,658,2417,769,887,839,858,761,661,484,721,816,851,601,884,1261,1116,2486,1369,792,574,652,370,577,972,426,472,259,354,597,467,541,501,524,481,630,389,504,500,824,476,566,397,545,439,432,616,470,656,573,733,529,498,411,664,2975,1039,938,818,762,624,954,661,1387,622,561,1372,891,885,993,1035,2993,4442,1424,1776,771,1090,853,722,738,602,1083,991,921,866,600,731,887,674,817,935,676,748,526,527,531,588,554,659,631,869,928,907,880,825,808,668,1112,1339,1448,2240,937,1215,871,1806,762,713,1160,855,1472,1017,1027,1024,902,1028,894,763,552,476,1028,511,515,662,558,987,663,526,441,597,514,751,512,545,545,525,458,336,470,499,333,462,359,432,305,449,356,349,405,553,698,1202,943,1295,938,889,780,465,852,993,1144,934,1092,1155,2223,1197,1188,755,704,776,498,358,488,435,404,396,772,585,536,837,565,426,573,530,441,445,373,280,415,581,439,293,554,557,463,495,622,739,511,425,440,462,781,972,2319,1138,627,796,996,1544,813,491,959,740,1402,1208,1947,1324,1242,1856,888,828,636,649,616,439,428,450,566,1303,701,495,672,525,527,1223,710,464,456,434,447,470,505,429,370,497,517,567,509,758,653,516,612,549,1012,2192,987,784,1948,996,1459,1144,1152,1015,907,878,1111,1596,1840,3243,3119,8375,1837,980,806,472,762,1038,622,258
Houston,Texans,AFC,South,0,0,0,0,0,22,24,4,45,28,41,8,19,26,24,20,28,26,30,30,45,19,104,18,29,36,13,8,31,5,23,5,9,10,10,2,1,5,4,10,6,41,28,18,27,14,16,13,17,12,29,27,11,14,98,44,52,116,114,75,139,64,122,158,114,118,113,96,128,201,250,138,265,331,347,280,226,455,707,230,111,93,81,174,128,88,240,210,215,149,165,83,260,112,261,121,128,78,106,117,203,61,64,122,133,134,137,161,166,330,221,359,485,330,432,379,763,1184,933,363,472,595,931,1141,632,712,1592,772,775,1467,1332,543,253,157,389,239,168,134,165,310,366,324,233,216,206,356,334,226,272,190,284,209,158,215,294,282,249,377,331,522,283,394,373,351,494,909,722,974,612,1239,843,543,394,1223,656,796,903,1665,733,683,707,968,392,423,248,224,587,499,283,300,342,350,438,437,399,421,438,648,426,1594,706,546,391,355,292,396,253,220,724,294,290,390,406,461,471,473,730,558,683,539,932,1368,397,950,642,522,581,582,514,753,804,875,1012,678,426,505,377,490,411,461,374,343,658,1336,659,503,487,388,417,526,580,573,538,464,473,353,265,317,430,306,397,319,441,490,709,668,606,628,559,817,682,788,821,1729,643,1023,1169,673,544,1429,749,787,678,1376,721,1203,3581,994,391,336,405,465,394,395,425,1256,453,468,449,381,445,416,729,511,478,441,349,363,246,309,451,320,304,374,349,520,302,311,306,320,515,672,948,2954,876,910,748,1198,1169,514,432,785,1996,668,922,944,1471,1143,3230,5313,1116,526,473,490,580,440,500,1722,839,650,843,951,531,671,1555,690,442,460,323,397,424,229,302,319,348,406,284,425,364,709,479,456,594,958,1778,1180,943,686,1322,571,1342,1696,706,545,518,764,558,615,761,1051,722,660,503,347,337,569,376,385,278,416,784,538,372,434,344,428,418,367,351,307,291,335,276,359,570,359,315,356,554,312,345,468,323,351,340,896,700,837,830,571,1276,613,1342,763,632,657,728,1533,1135,1177,1911,1188,5632,1090,462,339,255,377,360,319,52
Jacksonville,Jaguars,AFC,South,0,0,0,0,0,5,4,3,13,2,1,7,9,5,5,10,7,11,13,5,10,18,19,12,10,27,3,6,13,3,5,4,6,4,7,3,0,3,4,3,5,11,9,6,7,4,2,7,16,7,6,11,2,4,18,10,24,17,14,22,47,26,29,22,28,44,40,78,46,61,31,26,63,72,62,43,40,43,43,17,27,38,24,60,21,31,46,57,92,45,51,54,95,80,95,77,50,35,55,48,60,17,37,33,41,55,61,69,60,82,130,103,199,146,93,115,128,121,107,135,145,184,214,171,142,162,137,238,163,102,127,112,110,65,236,152,97,82,75,107,133,125,96,86,55,283,173,133,130,74,120,110,88,74,88,106,127,120,119,135,105,141,140,183,219,293,492,434,446,560,250,397,305,290,260,237,160,448,222,125,130,208,128,136,92,105,187,129,109,88,141,171,108,157,108,174,124,344,155,328,221,281,138,161,129,106,96,83,205,148,131,100,143,179,170,102,323,245,330,271,210,295,234,229,214,336,207,197,247,240,253,352,192,230,168,202,191,81,194,256,209,186,226,421,190,184,168,207,189,268,213,340,248,133,129,167,115,114,135,155,132,153,172,198,205,238,185,182,201,284,250,413,320,277,274,606,218,341,337,375,216,219,252,309,234,330,247,224,165,176,86,189,219,136,159,388,163,165,229,129,169,198,343,250,228,205,193,151,118,170,311,110,155,144,168,162,107,99,118,92,151,332,431,312,447,134,234,301,544,259,181,221,233,228,258,394,332,256,316,229,176,58,72,85,151,134,127,268,121,164,173,117,165,182,276,162,146,105,143,165,132,90,111,80,150,142,153,151,173,183,266,223,92,304,356,572,353,224,396,293,284,306,389,402,377,463,388,711,674,515,968,1779,2347,829,323,266,187,260,173,202,248,218,162,156,127,286,282,222,171,137,130,114,133,138,180,167,166,228,188,130,196,211,193,201,168,321,417,470,276,331,377,387,486,236,257,351,311,448,515,316,393,307,389,292,255,198,95,183,156,157,28
Indianapolis,Colts,AFC,South,0,0,0,0,0,24,50,20,66,26,17,36,61,67,83,54,110,106,86,111,146,135,107,71,62,231,96,118,56,24,52,18,24,20,9,5,6,23,31,9,11,25,30,26,37,15,21,42,24,16,56,40,8,38,92,89,90,134,203,117,416,217,218,316,235,184,280,571,344,346,361,217,453,472,429,409,260,326,252,242,439,256,159,186,193,184,603,324,397,210,308,173,360,304,256,138,130,138,154,131,211,117,85,120,199,207,194,208,211,260,372,244,470,459,314,225,609,633,505,400,636,659,647,517,702,934,997,628,1108,1832,618,393,537,374,455,344,220,277,325,445,486,358,382,378,315,380,482,283,321,243,370,266,279,279,398,403,353,410,433,474,391,473,475,421,767,749,1612,1090,1193,983,1333,2315,814,1728,1378,909,822,1122,773,926,735,3246,2917,900,549,476,1066,769,326,284,495,583,494,547,588,670,536,812,456,572,601,831,478,690,519,596,602,546,763,526,650,620,668,499,601,480,693,1267,1842,923,1141,1511,899,1473,947,1145,1181,1623,863,1405,1146,1601,1249,2035,1993,3607,5110,1403,1406,930,850,776,1123,2545,1277,908,853,816,881,994,929,2271,2154,1194,979,924,827,776,827,650,919,776,1178,1439,1377,1266,1016,913,1147,1593,1381,3570,1484,2177,1404,3611,1319,3300,1369,1055,1014,920,1172,1149,827,1818,1312,854,859,799,569,1131,574,555,637,863,704,635,545,424,632,438,734,629,747,555,498,454,329,375,534,535,420,592,417,450,423,412,325,532,577,1145,1805,1197,1571,1261,730,1893,1107,987,634,681,1219,575,1493,1325,1219,1015,1086,771,1037,573,565,772,506,521,500,884,649,609,907,506,607,576,768,565,563,545,405,595,388,339,405,401,727,525,457,503,390,577,588,559,666,1033,1598,1253,736,1432,688,1671,1019,1145,1200,552,670,674,982,881,1061,902,1030,986,878,752,638,4094,663,728,739,648,1414,679,575,536,628,602,937,636,652,450,346,365,461,600,671,563,521,398,550,436,663,607,422,458,409,980,843,1027,1179,2382,921,886,860,809,830,1161,1154,1456,1045,1671,2273,1913,7166,8337,1492,959,699,868,621,604,176
Denver,Broncos,AFC,West,0,0,0,0,0,23,19,5,47,5,29,11,22,17,34,39,19,28,51,66,47,80,42,34,37,78,28,31,22,10,16,14,33,17,27,4,3,16,17,17,22,39,22,25,28,22,18,32,24,15,26,31,13,24,71,75,49,49,101,39,93,184,74,106,104,151,168,165,179,207,467,223,405,345,737,445,219,589,1324,278,176,91,106,128,150,119,219,412,859,257,193,102,303,211,249,152,177,112,126,110,141,92,88,137,192,148,242,242,186,227,249,218,303,533,642,279,498,418,619,303,641,384,460,477,524,635,856,879,908,1451,2043,556,442,279,560,301,257,268,287,1095,605,435,230,378,357,384,558,385,359,305,443,341,322,307,454,404,359,490,502,1033,424,552,508,614,1666,880,847,1664,1725,1899,1244,2254,1257,1021,1181,1707,1729,1354,1477,951,951,1565,1740,3157,2112,1802,5087,627,353,332,487,1524,805,671,612,662,535,824,536,595,626,912,653,697,581,571,650,402,668,741,633,686,898,686,826,720,996,1148,1468,969,917,1192,885,2523,1693,1475,1419,1340,1034,1438,1105,1023,1600,1273,1691,3079,1350,792,1140,896,689,590,697,933,688,589,681,566,590,735,481,743,782,694,649,549,486,492,602,482,843,696,590,668,606,687,569,714,588,971,1887,1011,1774,1225,1661,1206,1255,3391,1444,1711,1147,2975,1074,1255,1374,2396,2164,2389,5285,3795,2499,6124,1306,1134,987,2792,1635,938,1060,1006,1058,896,1282,796,860,766,645,675,543,666,782,483,712,808,738,738,538,648,672,824,1009,2866,1548,1814,1530,1951,2223,975,1501,1176,1703,1110,993,1856,1862,1504,1604,2122,1780,1322,1008,928,713,1050,694,595,657,1250,832,801,727,777,533,664,678,795,601,507,413,455,438,402,603,497,611,767,659,573,441,688,510,650,837,786,1945,1824,1092,831,932,1886,900,2063,927,1573,1242,1456,1050,930,640,697,1016,969,982,937,1203,1084,652,575,676,799,1132,622,638,685,534,622,972,619,569,461,432,488,344,489,479,359,402,464,542,418,523,723,681,546,627,959,972,1036,676,1756,1078,1608,990,938,725,694,1073,1092,1016,1528,850,1526,1308,1474,1066,983,770,1160,1366,547,157
Kansas City,Chiefs,AFC,West,0,0,0,0,1,32,6,6,23,62,36,34,47,40,20,49,76,43,47,39,25,73,41,46,70,154,35,23,20,9,18,8,12,8,8,1,6,13,7,8,10,36,15,8,12,21,19,27,24,9,36,19,11,16,58,42,51,85,55,54,129,127,175,145,94,65,122,97,214,132,113,233,222,130,373,335,118,140,144,63,81,45,60,83,124,68,204,215,171,118,100,72,137,153,143,92,118,71,70,74,106,64,56,81,114,155,151,143,128,215,196,213,314,424,378,267,473,462,295,335,1038,445,1169,488,944,504,385,472,629,620,282,243,302,154,360,335,277,756,417,452,261,367,179,219,189,455,378,269,247,174,248,228,156,181,259,278,230,264,273,355,348,367,302,340,591,628,1280,979,817,1238,1251,1638,1893,1161,1362,1847,814,969,769,930,1095,3167,756,381,357,258,583,333,195,211,226,309,302,356,299,358,304,410,247,476,386,620,397,308,321,311,267,227,462,275,373,326,379,309,423,332,566,735,548,434,1531,424,540,587,589,959,1015,1496,657,893,700,808,923,495,451,459,471,260,447,434,474,436,450,768,451,387,384,344,366,530,366,415,490,352,444,380,306,286,335,323,342,365,400,409,419,363,554,409,398,847,2094,714,1895,770,871,604,733,419,542,716,773,785,810,864,1020,1396,3235,4053,710,358,322,515,335,241,216,504,331,327,257,268,315,281,336,308,309,312,306,281,234,198,348,262,252,284,373,300,241,259,241,311,406,792,902,708,597,950,604,599,661,734,814,832,521,1902,2441,1063,954,1864,1975,1783,2294,441,220,404,335,313,365,310,331,346,316,397,245,372,813,676,286,309,308,416,314,216,370,257,314,502,361,331,252,404,320,380,518,3921,1438,1273,1088,2049,2412,2196,932,1418,706,1136,1331,1330,1038,951,736,883,4957,1211,561,561,1007,522,354,905,651,304,738,374,292,415,324,368,321,394,350,325,287,285,350,385,362,330,280,312,443,320,329,477,433,552,422,724,1563,1807,1484,2978,1647,2688,2544,1769,1671,1651,4718,3058,2465,4665,2269,3197,3460,6786,4605,10930,1024,2272,913,557,140
Oakland,Raiders,AFC,West,0,0,0,0,0,30,32,12,58,28,38,24,46,73,24,49,68,50,123,74,69,103,62,59,57,99,45,85,34,15,29,33,36,19,15,5,3,27,14,6,19,38,20,33,40,21,26,38,56,17,51,40,13,38,114,98,66,89,190,92,140,247,173,246,257,202,427,156,215,376,213,232,263,319,223,327,265,230,253,178,174,78,122,115,163,134,188,205,189,255,284,129,258,267,250,191,197,143,71,100,130,84,110,147,172,208,214,183,138,339,221,297,310,652,436,507,293,531,408,312,373,371,436,421,507,682,371,533,484,363,417,337,443,261,361,296,262,398,363,561,451,734,568,471,277,867,482,364,426,462,462,324,263,277,388,392,349,403,417,496,433,567,596,607,1065,781,844,1566,558,1343,510,718,673,737,697,663,819,607,693,682,885,802,606,514,394,395,695,549,374,358,498,1258,963,1152,715,428,516,660,412,863,574,757,492,512,406,408,426,412,529,603,428,667,769,780,584,825,988,815,1258,965,1190,1468,916,1118,1213,1491,1273,3023,1303,1423,1791,1125,1496,1175,907,1280,781,552,759,906,1576,1031,1136,1549,1003,802,709,682,784,932,1157,847,782,803,573,548,492,457,591,692,751,546,641,630,800,947,823,553,1077,1415,1444,1431,1483,1136,757,1041,1299,2213,1607,1106,711,1071,1056,1304,1459,1135,1403,2371,925,828,602,893,650,513,458,1623,844,661,724,685,663,641,1138,707,926,728,592,676,516,417,645,485,402,687,535,458,410,584,453,577,572,1121,1373,920,1038,1114,1750,1143,1451,1433,2187,987,2998,2402,3359,1365,2217,1876,3887,2564,1272,460,901,613,568,402,436,723,903,1113,1841,1257,855,1245,1011,726,466,635,431,502,508,400,803,590,592,611,618,780,471,594,591,660,564,1170,1231,1655,2363,980,897,2206,926,635,885,1070,978,1050,848,622,1406,1556,1827,1091,524,494,380,513,544,449,573,598,992,472,602,659,415,453,1108,674,391,512,503,363,383,408,433,298,378,454,561,586,516,696,632,623,3193,1537,3599,1783,2028,2152,1169,1333,2146,3451,1271,1511,1277,1539,1163,2557,1426,2128,1783,1426,905,1063,545,1224,710,696,226
Los Angeles,Chargers,AFC,West,1,0,0,0,0,36,32,11,65,43,22,25,46,62,30,38,57,35,60,98,117,93,94,52,38,73,25,34,55,6,27,12,23,13,9,5,1,15,14,15,10,19,40,24,33,12,27,61,43,15,51,51,5,18,96,61,86,81,124,71,175,160,153,160,147,157,205,98,332,381,137,150,217,238,154,393,177,194,137,116,102,95,130,125,139,96,145,220,228,181,161,99,217,157,253,170,103,78,87,65,102,86,61,115,126,132,173,129,153,229,155,230,254,402,312,306,316,499,832,362,620,288,364,401,501,498,437,409,345,351,307,230,222,174,290,218,101,208,208,278,245,325,179,227,219,467,346,253,240,223,228,152,227,156,208,273,282,225,298,299,329,408,317,358,510,1184,682,621,375,682,930,665,602,659,516,642,514,541,1261,564,1309,2985,2285,1057,357,253,511,329,230,171,224,300,308,445,258,349,336,518,276,356,372,641,373,337,341,349,330,255,342,277,377,369,448,423,422,342,405,1506,1109,793,824,1253,1054,1626,791,519,487,570,812,778,1241,1104,1043,474,436,485,388,252,507,462,1174,570,511,675,767,522,555,419,726,802,892,490,632,620,408,393,470,411,341,491,409,393,414,423,489,679,565,402,394,725,775,750,624,505,1453,1307,873,822,1134,607,587,984,670,769,1151,1504,1506,1932,632,713,263,481,452,325,263,502,418,354,369,339,501,607,817,466,435,469,346,280,256,312,407,301,428,246,306,414,426,1563,471,2686,769,974,1097,1079,809,1432,2926,972,1075,735,821,500,561,885,968,924,1449,988,1014,3999,1176,504,527,429,432,381,398,476,518,466,653,495,393,568,718,533,469,589,292,352,571,339,406,372,482,509,484,453,658,420,742,1094,565,687,2086,2344,1528,1914,1020,1047,1297,563,778,889,2123,1409,1115,1288,692,963,1288,672,442,298,288,390,377,405,371,465,512,466,403,485,338,500,732,653,425,474,480,416,589,419,519,330,424,472,554,712,618,547,546,448,616,1059,1471,993,979,939,1099,1859,943,1071,1283,1094,1067,1186,2993,4965,3244,1511,5735,8035,1436,958,510,868,493,434,157
Dallas,Cowboys,NFC,East,0,0,1,0,0,51,44,16,142,62,57,31,37,47,58,94,80,121,82,106,33,70,88,52,37,79,47,114,82,47,73,16,50,33,21,21,16,47,22,31,31,45,35,17,87,30,17,33,31,20,71,66,31,21,123,102,85,76,101,86,218,274,166,371,259,243,294,158,325,306,192,317,259,338,602,399,407,421,601,470,257,154,251,214,245,253,264,588,303,543,357,213,421,340,448,281,215,264,182,128,259,193,171,193,273,289,314,289,254,451,330,372,934,585,525,446,913,766,584,855,656,881,688,868,524,971,805,1189,1160,1184,716,307,370,322,401,446,292,296,360,344,419,679,385,491,369,945,662,380,324,353,512,356,305,336,424,479,458,534,492,604,650,536,551,437,698,1471,833,952,1102,1065,1086,1220,1146,749,1203,824,1144,900,1706,2085,1707,1770,668,507,483,435,850,468,383,514,504,538,564,563,539,584,607,782,533,1151,560,947,720,605,476,530,484,548,672,635,499,850,752,785,604,738,1907,1225,1096,747,1978,2241,2372,1620,2445,1310,1114,1044,2580,1727,1184,2733,2116,3486,7646,1987,1165,772,1087,874,778,911,882,2428,1551,914,1291,781,952,1479,1260,1570,1494,1111,1198,819,762,790,806,837,1009,1317,1127,1099,1080,931,933,979,1085,1231,3637,2602,1015,2128,1183,1415,1541,1750,2346,1426,2345,1145,1946,1599,967,1252,1350,1116,660,820,783,865,631,714,532,813,692,892,755,580,927,873,1764,975,821,771,638,551,415,530,663,663,703,541,705,541,728,774,779,1296,1004,1360,1473,894,1880,1502,2083,1654,1263,2651,1840,3431,3000,3178,2475,2909,3255,3807,2735,5241,4213,951,816,915,742,692,831,1586,1057,1285,1713,1569,866,1909,1164,890,707,651,579,660,791,495,713,742,734,877,1034,1410,891,1317,662,845,918,1300,2438,2036,2326,1639,1667,1223,1604,1537,2053,2006,4053,1905,1267,1149,2170,1730,993,950,1084,1297,750,1322,743,602,732,724,970,849,705,682,1265,873,1844,1158,946,852,784,599,658,668,847,732,530,706,806,1140,656,769,660,711,1092,1623,1477,2545,2076,1065,2299,1508,2157,1192,3347,2320,2709,4709,2188,3962,2196,2158,5194,6738,2273,1507,900,1161,724,647,352
New York,Giants,NFC,East,0,0,0,0,0,43,31,13,42,14,15,42,48,52,46,70,81,79,99,121,99,125,212,135,152,121,58,124,76,28,38,19,37,29,20,13,9,24,19,10,21,37,37,33,40,23,17,37,51,19,49,56,33,49,131,117,102,92,141,89,201,130,373,174,208,221,168,207,390,494,294,264,460,406,536,572,462,919,1192,1773,1530,1133,1538,421,358,349,456,400,518,571,573,263,571,406,602,321,326,233,302,200,362,197,192,309,360,460,392,427,416,585,555,459,1250,771,1181,526,1117,969,1071,1025,1209,993,636,721,1442,1561,1753,1505,1439,846,615,584,516,411,647,471,306,297,284,616,493,535,374,456,376,624,636,406,341,438,438,411,360,322,438,449,488,527,456,618,469,486,584,623,739,2059,1395,1734,1156,1902,1006,1587,878,903,1191,1271,868,1351,1028,985,979,931,781,708,499,592,860,425,356,365,331,637,695,536,655,692,571,730,504,586,488,860,591,620,507,460,473,402,624,591,617,744,995,615,650,621,691,1666,1189,1375,1067,1078,1950,752,798,1606,1315,993,1951,1188,965,1030,1344,1102,969,833,957,819,1552,902,921,674,679,1205,957,899,1043,736,678,1018,880,1003,1055,872,873,738,667,638,610,707,1130,663,807,923,856,772,978,810,919,1023,3304,2356,1347,1371,1930,2259,1736,1194,2045,2217,1695,1450,1352,3195,2490,1845,1768,1470,836,847,662,1030,592,493,477,1051,739,720,698,590,626,892,1080,721,802,582,589,564,437,604,716,425,496,491,614,553,537,480,546,736,667,1369,1603,1717,1341,2349,1846,1869,771,1247,883,1667,1501,1732,1458,4120,3842,2434,5612,3650,1125,1037,596,1117,769,589,528,1258,893,956,1220,841,892,1176,822,855,554,589,513,540,508,410,588,633,671,759,693,706,531,971,509,829,638,1110,2558,3753,1619,1647,2246,2703,899,1194,1629,1751,1570,3294,1960,1318,1009,1654,1415,1492,1255,1916,1233,1485,775,641,864,1044,1826,1194,1468,1152,950,1189,2296,1139,1040,723,558,590,590,531,500,545,473,695,721,555,538,895,584,546,757,1307,1191,3112,1143,1841,5260,1558,3590,1554,1256,1882,1530,1919,1495,1972,1363,1750,1649,1492,1237,1117,897,1349,832,1073,208
Philadelphia,Eagles,NFC,East,0,0,0,0,0,40,26,1,66,43,34,55,34,27,24,34,46,81,169,172,111,109,149,146,135,249,158,94,81,41,46,23,56,29,23,35,28,33,29,34,38,72,61,32,58,42,48,64,63,26,62,81,46,46,370,360,213,204,224,137,228,172,300,293,337,396,230,166,413,439,300,319,436,246,270,426,210,233,247,267,180,90,145,221,251,254,208,295,287,360,263,112,372,377,378,209,189,159,182,128,241,181,117,166,278,276,306,245,265,407,414,387,550,779,593,477,998,601,502,459,539,1019,660,544,965,729,862,729,634,569,374,498,388,261,492,431,266,282,269,457,337,550,339,354,377,685,560,330,375,280,391,280,215,178,293,358,366,406,436,565,473,606,462,383,539,2424,1516,811,600,644,662,638,541,982,942,745,841,1559,1547,1181,2024,3142,764,491,415,345,638,415,294,485,467,668,837,1117,1390,677,562,639,449,881,695,955,593,537,467,533,430,461,648,543,510,633,695,731,808,613,1222,871,2455,2174,1093,1202,1693,1458,1264,1123,2332,1323,2089,1908,1363,2914,1189,1261,961,695,774,578,933,797,744,694,2596,6055,1640,864,1188,935,976,1695,1930,1488,1263,865,1110,945,1197,929,735,877,1053,818,978,1157,1164,1239,1422,1530,1239,1414,4189,2947,1399,1485,902,2064,1728,1029,2180,1171,2617,1811,2793,1354,2699,1791,1481,1460,820,684,708,776,549,709,674,1535,871,751,834,686,877,1794,2795,1248,1101,764,558,666,409,682,595,488,551,1039,589,566,680,799,882,768,1343,2026,1427,2925,2455,2495,1876,1911,1377,2982,1399,1749,1434,2226,1475,1317,2320,1675,1373,995,1034,590,579,750,665,644,897,1961,989,1220,986,838,604,805,1382,798,554,652,626,854,639,515,443,643,632,676,541,691,585,744,567,760,569,1224,1436,1738,1434,1503,3933,1954,3433,3182,2549,2016,4390,3135,5166,3621,1738,3021,2139,5025,4722,9344,4375,13975,1834,1570,1306,1999,2513,1690,1369,1121,1124,1173,1682,1360,1241,1100,1064,943,1225,1058,1013,1055,768,1014,1165,980,1006,1290,1194,1230,1118,3826,1837,1921,1961,1820,2547,1639,2053,1437,1457,2974,2371,1481,2634,3432,4272,2676,5794,9619,5028,1783,1027,1720,701,778,203
Washington,Redskins,NFC,East,0,0,0,1,0,37,14,5,23,33,14,23,20,22,28,36,24,19,84,26,14,41,71,37,37,50,17,41,29,24,26,11,18,19,11,10,5,13,7,9,17,39,13,22,25,15,13,18,21,6,23,29,28,20,82,85,82,47,106,47,137,112,103,177,106,149,146,83,155,142,140,97,153,205,221,180,141,141,110,125,151,94,128,128,151,266,426,681,249,358,299,144,323,246,323,164,104,201,121,150,149,87,94,86,177,169,159,162,132,216,211,264,546,425,357,317,511,446,494,474,447,233,334,573,545,1449,915,819,912,1919,1227,246,298,259,367,418,195,185,222,270,286,311,305,244,192,287,634,231,221,205,290,277,208,215,278,282,259,373,337,350,263,344,475,372,478,1569,767,656,268,511,756,809,592,644,566,500,846,1058,1051,733,554,652,478,335,214,241,449,265,244,244,289,343,241,374,729,386,287,421,255,554,272,878,373,265,310,871,220,221,386,305,291,275,526,365,492,355,504,635,977,1322,517,1119,497,431,1471,457,498,828,971,911,910,1107,597,668,483,381,387,247,442,458,385,381,461,828,454,439,523,405,369,593,724,420,608,400,441,349,284,310,354,527,730,324,453,586,444,580,582,905,1119,912,1329,1729,764,872,655,812,565,765,566,1056,818,564,1171,788,1610,1170,2178,1257,319,362,340,417,424,420,267,386,316,443,417,265,396,547,521,412,479,533,266,280,215,328,351,220,212,273,460,209,253,327,268,414,335,529,1297,770,715,980,755,705,769,382,494,550,1756,582,648,553,1147,1106,844,451,466,243,254,238,294,490,744,1880,436,459,406,302,314,315,455,292,255,203,324,226,217,219,476,311,284,401,722,258,202,283,226,278,285,595,533,558,1150,1203,710,503,1314,593,832,946,1069,1446,528,417,447,502,466,342,326,470,1610,618,426,514,409,455,853,375,398,365,348,289,391,536,312,254,241,173,238,263,260,257,260,208,300,236,307,467,425,379,305,578,519,805,529,417,1472,687,719,1038,664,878,1375,1321,1576,1255,1059,973,1053,605,652,419,350,388,554,358,113
Chicago,Bears,NFC,North,0,0,0,0,0,51,24,16,68,37,79,130,79,83,78,81,91,120,226,137,234,271,280,233,183,242,359,708,353,90,142,28,62,45,13,18,10,29,21,23,41,98,87,24,49,48,27,58,51,59,91,104,46,61,187,149,170,142,180,184,383,429,355,299,265,498,343,236,293,581,504,451,321,406,481,288,330,270,204,191,161,139,142,175,195,202,218,472,423,414,317,216,404,275,305,297,232,165,195,197,234,162,180,305,322,389,370,307,276,457,464,380,603,1287,396,621,976,915,612,1235,1009,1301,1410,1716,1129,894,1210,764,1287,972,657,495,429,335,466,492,287,306,293,573,690,587,346,466,424,683,667,436,401,522,508,371,350,372,515,458,555,707,510,719,463,585,626,611,914,1011,854,1858,885,1017,890,686,708,1958,1105,965,762,796,1822,1515,2207,1601,650,505,321,505,938,478,368,326,518,700,553,797,569,675,626,802,539,792,730,904,669,723,551,565,598,450,623,577,570,651,761,803,855,632,1237,878,2211,2271,1139,822,880,1430,756,779,3931,842,1285,1703,903,2912,1049,1397,1026,1118,1011,523,791,755,538,477,984,1358,857,770,695,521,626,805,937,665,644,510,779,471,398,411,501,563,581,496,527,620,686,658,642,631,598,1378,1261,2166,2084,1250,1445,744,961,968,1433,1490,2350,1488,976,842,652,773,983,655,550,649,493,945,515,462,364,749,809,492,564,486,469,465,816,590,570,517,391,296,321,403,464,476,554,383,502,308,479,436,412,447,578,1007,911,2511,2021,1025,1037,2034,842,1584,590,855,1049,928,1196,1497,1048,854,1068,753,839,441,505,616,545,824,622,1608,614,937,1169,708,590,837,3779,1418,582,477,406,470,409,345,610,459,646,500,559,459,597,1069,693,786,605,1293,1316,2008,3936,990,2511,1630,1504,1040,1293,1243,1371,1098,1337,1487,1255,1203,1136,1201,780,693,553,830,653,645,811,832,1667,701,619,809,743,992,1029,746,644,555,521,546,633,674,615,437,459,582,596,717,1069,891,690,549,2409,1972,6062,3408,2377,1751,2169,2432,1347,1641,1699,2005,4563,3024,1307,5884,3682,3456,6801,6561,1708,1354,832,1449,857,773,314
Detroit,Lions,NFC,North,0,1,0,0,0,35,28,21,58,41,25,30,47,60,27,35,72,41,45,105,115,103,84,74,50,76,51,78,73,22,86,18,27,24,13,14,10,21,19,15,30,113,85,18,45,61,25,26,33,51,51,69,20,28,100,67,124,109,177,142,182,246,403,470,376,653,337,259,243,334,451,560,244,416,318,417,634,1042,286,169,138,118,164,197,185,103,148,222,276,245,327,102,353,285,288,228,143,155,170,129,176,100,162,237,264,252,276,233,190,321,245,311,456,452,518,507,348,633,365,899,441,379,557,1175,504,507,703,795,1033,428,332,274,388,162,451,382,335,196,257,533,416,440,388,464,347,663,513,360,339,250,392,460,285,362,361,412,545,581,459,469,408,460,618,518,1030,956,760,1137,996,659,709,978,780,1128,1149,781,1478,1549,836,2319,1255,1050,498,933,440,353,611,561,290,315,346,485,462,552,371,608,700,881,373,900,557,662,566,525,451,481,418,388,602,399,471,606,760,511,644,535,588,1741,942,953,1056,1175,1027,1958,1031,1464,1902,1802,1454,901,1290,1951,2023,3887,4878,727,675,417,762,604,443,515,712,838,606,553,581,378,483,578,517,525,643,493,596,502,419,356,412,513,597,442,599,494,504,641,700,756,539,852,872,969,1693,4379,2006,1063,1700,1424,2400,1529,1673,4312,971,619,1131,712,1296,877,509,549,443,538,518,389,304,713,449,450,405,350,392,310,458,486,497,456,431,284,362,481,556,324,334,355,580,390,384,456,343,401,576,1200,1472,1302,1086,1672,1145,1143,1031,1181,1012,1145,2282,1456,1837,2145,1527,3050,6598,910,723,426,265,508,470,400,308,733,529,560,549,519,487,565,608,566,455,590,465,626,463,356,384,370,509,753,630,514,354,577,505,659,818,1100,975,4312,2606,1695,1608,1100,799,1558,1929,1156,3019,1103,1150,1233,1479,1327,1429,972,812,701,395,1278,399,492,569,539,1032,546,442,536,460,651,679,553,901,452,592,485,574,473,613,554,431,623,586,624,553,702,512,706,765,1066,4072,1582,3389,1877,942,1290,1678,1475,1498,1505,2345,1367,738,1279,1222,1112,1370,1063,919,857,426,1031,773,468,132
Green Bay,Packers,NFC,North,2,0,0,0,0,52,53,36,93,32,63,100,75,70,52,75,71,86,125,157,111,119,167,126,134,257,334,559,356,251,287,43,90,49,33,24,27,37,22,23,34,57,77,37,60,59,31,56,56,52,83,104,13,31,153,132,136,118,176,136,361,249,249,312,294,380,343,307,411,477,576,521,568,741,787,519,694,676,963,884,341,217,280,248,331,208,250,233,385,388,386,139,475,303,340,335,220,163,186,215,305,172,174,286,358,417,393,303,375,443,491,388,883,1267,447,2938,1058,1068,1062,719,738,691,973,749,1167,719,1334,896,1472,2084,1732,564,444,390,637,483,345,341,375,774,606,628,430,571,499,782,776,540,492,462,564,474,423,417,557,510,626,690,566,940,654,572,715,839,1397,1278,1100,1019,756,940,941,913,1156,2033,1123,865,1249,994,1039,1572,1768,2808,1344,737,396,511,903,564,423,365,530,600,505,746,582,680,666,953,570,836,743,1129,755,768,658,571,566,547,931,579,741,897,884,752,921,740,2324,1136,1093,1302,1368,1032,968,1196,913,901,2518,1711,1660,1824,2461,1697,1803,2347,3529,3939,2750,1018,1398,1038,935,1055,1020,1520,1364,1016,1137,794,966,1174,889,926,973,850,1074,832,850,860,917,941,1016,978,1143,1039,1054,1201,1210,1297,906,1489,1288,2259,2587,1816,1614,1357,1487,3194,2097,2258,2804,3742,1477,1378,1691,1739,3650,4945,1444,981,602,970,686,566,503,755,682,620,672,502,674,615,719,679,701,725,551,537,481,515,845,607,650,607,689,584,803,536,597,499,1001,1346,1499,2645,1143,1071,2131,2338,1231,1338,1457,1154,1968,1865,1529,2065,2079,1823,5263,5403,8105,1861,628,1092,743,627,510,1180,982,1010,1664,873,794,1774,986,796,724,662,546,504,607,440,535,582,854,910,669,628,603,783,684,706,686,1834,1726,2752,3047,1640,2607,1975,971,770,3096,1743,1350,1975,1786,2480,3164,1645,1679,1267,1296,1148,761,973,578,572,589,908,1804,825,728,965,757,949,1208,897,789,706,665,641,573,732,807,592,692,1077,751,693,788,800,964,746,1295,1412,5578,2703,1922,2016,1262,3037,1857,2394,2846,2833,1376,3385,2327,2376,1695,1584,1943,1582,949,1086,625,910,810,648,146
Minnesota,Vikings,NFC,North,0,0,0,0,0,22,38,18,72,21,29,16,47,49,40,79,94,58,62,80,46,65,175,98,119,56,41,77,46,19,61,10,24,19,15,7,5,31,14,15,22,63,35,62,42,40,19,30,48,33,32,53,10,10,134,90,89,50,94,51,190,129,166,218,183,176,311,211,172,246,326,133,249,253,261,240,190,126,190,132,181,119,110,160,143,258,256,193,355,228,221,161,661,430,335,372,159,118,107,139,208,201,125,163,150,198,193,143,213,246,247,217,468,478,554,666,722,1002,432,703,520,472,488,521,569,546,704,890,1235,2207,548,295,308,324,435,521,256,241,293,991,518,483,382,530,360,1248,683,487,524,312,392,291,317,274,472,395,472,489,476,621,455,506,405,544,757,871,985,1152,481,838,672,1605,1417,1295,772,794,822,1210,1225,906,784,1245,704,790,471,380,760,538,393,366,600,422,487,549,543,554,560,692,471,1408,731,829,439,479,463,517,451,368,639,790,552,631,665,557,596,552,879,1364,1830,1052,1651,805,794,799,758,655,999,987,724,959,1024,941,779,916,670,735,680,576,762,797,764,1071,903,1232,1013,954,756,623,744,770,916,907,1016,677,1208,778,571,540,600,666,684,581,722,768,692,929,817,557,586,680,1981,959,1153,774,752,842,1068,1480,1546,1994,1603,2395,1998,959,1241,1835,5469,2098,782,796,491,722,602,423,420,580,641,513,579,425,620,555,888,773,750,877,568,563,528,517,769,491,508,477,611,766,654,505,646,525,2710,1510,1267,3445,1787,3553,1864,2558,1336,2705,1164,1218,1609,2759,1077,1334,1720,933,1094,807,792,515,323,584,528,622,524,968,806,567,948,465,474,504,788,591,442,402,537,338,383,334,349,426,501,540,449,438,438,585,615,414,583,696,2081,1139,1409,1014,2518,1584,1582,896,1521,2206,3393,2370,3269,1851,2652,2073,2723,5516,9275,6461,1397,1958,883,929,1175,1109,2933,1134,855,737,581,910,691,735,648,653,734,683,597,736,1120,920,887,1259,840,900,877,1043,1009,928,1084,1707,3596,3455,3826,1924,1522,1500,1224,2249,1148,1306,2239,2674,1418,4106,1827,2631,2806,2023,1337,1781,651,967,777,613,152
Atlanta,Falcons,NFC,South,0,0,0,0,1,22,15,5,21,5,23,24,23,38,22,13,29,60,56,93,45,95,79,66,79,87,199,61,29,16,20,7,14,8,9,4,7,19,8,4,16,48,46,4,16,14,11,14,18,10,38,42,2,16,88,36,64,65,58,67,126,114,167,80,89,195,87,93,86,181,104,58,134,166,152,104,348,484,244,120,80,58,71,127,107,118,104,112,181,164,161,143,206,161,173,102,110,86,91,63,100,73,70,126,147,153,182,118,136,201,122,127,313,262,709,356,644,689,379,387,726,1140,703,547,911,607,1040,814,759,822,2381,2129,554,224,545,314,279,300,268,530,378,452,268,370,369,463,560,300,238,231,401,324,277,319,359,380,376,385,400,673,369,354,340,400,730,558,569,630,814,1313,354,450,696,539,602,1082,564,645,583,432,1213,481,357,376,181,231,538,295,265,228,301,296,345,322,305,337,285,535,316,553,356,453,225,325,426,293,223,256,369,252,310,355,380,337,348,320,824,667,1171,741,656,452,517,1102,457,463,604,555,799,669,1521,796,838,741,489,499,324,267,484,470,376,325,245,404,409,489,444,297,328,435,574,549,634,339,375,297,259,344,271,316,364,254,364,394,315,480,461,535,338,552,1627,1265,1061,1395,1752,685,821,791,599,610,740,650,889,703,1305,894,468,436,303,412,368,443,264,231,321,380,284,284,251,246,267,245,357,248,305,346,253,207,192,245,344,174,225,194,224,194,339,198,179,287,285,470,656,433,1232,1293,1657,1319,1011,1261,1007,420,608,823,757,993,1320,1288,2155,3939,5564,3907,2515,9377,1027,723,610,738,752,794,677,543,541,600,647,550,550,551,504,399,385,542,497,515,473,692,619,549,330,538,509,490,337,1371,781,2679,1447,731,979,943,2325,764,811,854,1797,1351,2240,1070,2689,1141,3731,4025,1516,1150,576,1181,412,353,296,405,423,310,353,358,342,399,467,508,374,422,445,352,302,398,469,354,462,671,500,550,419,555,454,469,423,3224,1013,1011,1200,968,930,726,1069,901,1199,814,1785,867,724,670,817,774,798,760,1073,1220,668,987,430,386,88
Carolina,Panthers,NFC,South,0,0,0,0,0,26,11,10,15,9,7,14,17,15,13,16,27,25,38,18,44,45,32,39,26,80,32,28,29,5,20,17,34,18,26,7,1,14,8,10,19,75,23,17,17,25,5,17,14,8,19,23,4,15,89,44,57,38,41,40,102,151,102,82,124,96,129,127,100,129,119,65,99,137,131,130,144,111,100,93,91,104,91,93,110,89,133,70,174,153,154,140,217,152,231,110,98,129,139,79,131,66,73,117,128,106,182,126,119,164,129,200,295,260,427,237,311,204,236,355,473,344,318,237,559,402,386,284,440,236,261,187,156,143,278,214,149,149,149,113,183,229,146,193,191,371,250,209,171,129,209,194,184,149,197,247,224,261,268,317,253,296,332,338,643,578,748,465,378,449,436,755,546,761,1031,1973,731,1259,876,784,1007,947,2397,553,268,312,505,345,242,226,208,920,591,415,342,513,333,539,261,367,451,540,320,364,304,269,277,325,420,325,324,352,323,254,467,291,534,834,724,973,658,612,725,641,646,356,1128,350,453,472,679,618,837,2245,2306,555,605,222,449,483,367,443,310,451,478,401,325,389,417,562,550,635,623,475,345,433,284,300,338,409,417,296,425,493,454,537,530,472,514,705,556,745,1038,859,1297,1337,1510,3072,1566,1797,2736,1971,2331,2822,3252,1757,1776,4530,2378,4640,2475,5482,778,521,476,433,506,481,473,399,567,785,485,497,584,457,476,431,350,390,531,368,511,391,467,493,351,346,391,485,496,2230,1108,1108,1241,1143,1821,721,745,594,609,966,647,640,1345,502,1495,624,635,497,500,490,308,709,389,315,346,560,320,448,427,371,437,403,612,435,358,303,366,281,258,232,354,308,384,361,590,358,272,542,359,379,335,607,592,703,951,1168,2227,1010,644,903,553,1009,994,1062,1577,1562,1878,1284,2350,2049,649,539,343,444,402,338,334,389,538,400,294,336,316,357,392,352,421,487,353,262,244,229,398,279,318,467,363,333,403,454,247,318,310,787,754,587,622,815,904,839,748,973,2157,781,936,795,797,688,1978,710,651,578,560,602,303,505,320,292,104
New Orleans,Saints,NFC,South,0,0,0,0,0,23,31,16,52,14,55,26,27,39,30,39,52,11,37,56,38,64,84,67,110,341,102,64,32,21,36,5,26,23,15,5,2,16,13,10,27,75,43,21,32,40,16,15,31,11,75,64,12,27,109,92,125,124,79,131,301,230,146,182,131,176,153,372,253,345,169,124,414,449,378,362,732,1148,1563,504,211,126,202,202,210,957,776,389,1057,375,620,380,457,454,736,357,271,164,260,306,263,496,281,274,373,286,327,364,348,423,274,223,866,625,732,817,770,889,528,401,724,1173,744,851,1178,705,840,676,725,433,512,471,457,394,546,383,310,298,239,406,390,405,281,393,365,481,550,339,312,254,394,353,314,336,422,366,407,483,380,563,432,463,525,461,731,597,716,911,1225,1364,756,829,1098,772,1470,1779,943,2064,1386,1109,1286,2404,3733,674,584,455,721,503,337,400,581,790,502,388,494,676,459,659,529,779,680,898,527,476,518,592,444,829,686,618,665,680,628,546,666,584,1057,1079,1320,871,1566,507,676,780,1330,1002,1150,728,1579,1017,1098,1412,897,785,592,452,716,322,508,540,475,485,597,1985,770,715,649,458,611,577,719,732,794,723,436,452,437,449,421,515,487,407,674,650,530,642,642,602,513,747,946,1191,944,1466,1724,795,1143,1052,802,663,695,1080,1102,492,1106,880,779,561,450,398,404,606,409,364,349,412,587,541,474,467,415,425,573,428,468,421,459,437,303,364,440,308,324,455,301,300,331,430,254,324,406,1070,1395,692,1661,607,1002,739,1079,832,1158,1214,656,959,680,727,1169,809,992,485,560,501,378,645,507,387,641,1372,1325,828,723,523,554,561,1428,539,523,451,383,386,314,460,381,414,499,536,393,382,420,459,425,417,420,835,2690,1173,1144,507,1343,1258,1139,1100,1395,2108,2154,1508,3113,1295,2180,1415,3369,6259,5256,1326,613,773,504,498,488,553,1464,702,517,564,476,577,1103,615,607,482,574,362,392,419,725,391,551,546,578,484,497,703,480,437,984,1396,1541,1344,1528,942,1750,1201,1615,2978,3814,2398,4930,5245,1925,2360,4296,3208,2673,6001,11286,9737,2438,3887,764,614,194
Tampa Bay,Buccaneers,NFC,South,0,0,0,0,0,8,4,2,7,0,2,1,1,0,0,2,5,0,4,2,1,7,11,4,1,22,4,2,3,0,3,3,3,3,1,1,1,3,0,1,3,5,2,1,1,2,1,2,1,1,9,2,3,2,7,1,4,20,13,10,17,11,9,9,14,20,18,9,12,33,16,13,11,8,19,13,16,14,11,3,9,9,11,10,11,13,14,13,21,30,28,9,23,10,36,11,10,27,9,18,27,13,9,13,16,13,18,34,18,31,20,52,96,60,46,35,29,54,57,48,54,49,77,47,67,50,43,30,45,46,20,24,33,30,40,63,33,19,23,30,36,45,29,43,34,78,48,53,40,26,37,38,44,38,52,53,49,65,70,63,53,51,55,69,87,90,122,89,93,88,45,132,94,105,126,56,62,76,58,45,71,93,49,29,50,38,62,32,53,23,64,77,35,51,48,41,47,85,67,59,37,132,71,63,53,59,43,47,67,57,56,61,49,55,51,81,106,88,198,141,93,139,51,83,97,98,113,109,95,105,104,91,80,100,76,87,69,33,83,73,76,68,82,100,70,78,93,115,85,99,102,79,74,65,70,52,55,49,55,49,80,56,88,86,71,79,73,69,73,117,121,115,100,121,72,119,128,100,98,113,105,94,152,113,77,84,120,68,44,60,41,103,48,50,46,56,43,51,54,57,41,40,77,54,75,39,51,55,44,61,96,47,39,81,57,56,41,44,40,52,45,106,190,114,108,97,124,96,137,119,82,84,100,138,115,122,170,157,85,56,55,36,27,80,55,43,105,72,40,67,72,64,57,90,74,84,57,57,50,55,63,70,43,48,43,69,57,46,52,91,73,71,46,127,108,158,91,190,107,109,93,78,92,89,96,103,109,85,182,102,104,56,59,39,34,69,47,58,38,41,49,50,40,68,41,61,54,45,35,41,39,36,29,54,67,73,66,50,71,43,63,64,50,73,62,186,177,172,248,102,85,104,120,132,107,101,128,108,107,128,123,109,156,115,96,75,38,83,65,58,10
Arizona,Cardinals,NFC,West,0,0,0,0,0,14,10,4,6,2,4,10,8,11,8,5,12,19,14,6,26,21,35,19,12,51,12,19,22,13,24,5,9,6,3,8,0,6,0,5,7,14,24,7,6,11,4,8,8,4,10,17,5,15,56,34,28,37,39,22,37,70,31,54,74,60,56,71,123,90,101,46,72,68,108,71,66,66,68,66,85,54,75,109,54,74,156,169,103,73,105,61,151,92,135,115,57,58,45,57,100,35,52,75,90,97,94,112,186,160,170,160,243,324,444,358,525,339,229,176,331,127,247,218,278,383,592,412,413,332,210,242,200,157,276,190,160,197,184,310,193,246,277,225,158,322,285,199,156,159,233,133,132,147,166,214,229,281,275,248,212,285,262,270,344,272,297,274,340,322,454,341,295,273,315,390,529,385,340,530,878,394,384,247,190,206,502,305,179,145,178,164,208,265,203,297,227,367,224,432,343,483,219,301,256,265,183,200,300,224,207,255,308,301,291,286,320,573,669,520,564,518,526,844,885,867,916,841,582,580,1172,771,1028,1722,496,396,286,305,433,329,351,326,316,531,358,309,342,240,324,388,276,383,296,292,312,278,218,257,251,275,327,244,371,396,422,338,358,267,406,464,584,945,1058,652,894,529,778,463,551,913,876,794,1391,759,1336,1453,1118,2941,1547,1389,283,394,255,218,149,219,372,313,249,211,266,231,302,334,365,302,329,276,208,252,418,289,329,269,287,397,279,304,324,256,345,545,1180,680,564,765,385,559,1058,370,281,437,403,349,522,501,656,356,523,382,376,232,257,305,247,225,174,267,235,252,337,220,188,260,317,202,208,216,145,192,258,133,176,221,230,284,251,232,314,225,244,272,218,448,521,492,797,473,602,450,387,287,696,332,314,387,289,368,311,472,680,327,284,375,364,407,272,213,295,340,654,312,255,272,223,224,555,303,247,232,232,171,248,259,215,193,262,395,318,170,242,299,316,237,345,501,516,969,706,493,618,1663,762,500,490,405,402,624,547,522,536,720,882,939,426,447,192,349,444,347,71
Los Angeles,Rams,NFC,West,0,0,0,0,0,10,20,5,17,7,11,17,15,18,12,13,42,22,30,14,45,43,61,40,71,71,29,22,27,6,20,3,12,12,6,3,2,21,10,4,13,15,27,9,15,21,21,33,23,6,34,39,8,9,49,56,50,61,70,66,123,62,214,118,70,143,177,233,180,153,117,79,133,126,226,230,265,157,191,249,135,112,123,105,150,218,248,227,206,147,165,99,256,371,185,174,85,70,73,76,109,45,86,75,114,132,127,138,180,248,199,241,419,483,507,347,747,444,318,397,256,268,652,321,669,506,672,431,615,403,421,220,448,258,444,272,207,223,240,571,378,297,213,269,274,677,567,320,267,221,351,267,271,243,256,303,268,389,358,332,388,401,326,391,565,580,702,1311,453,538,610,754,1691,800,499,719,816,711,816,829,1247,742,527,447,344,384,778,493,353,347,328,391,430,599,426,458,428,632,455,1426,839,575,454,402,395,348,345,305,387,314,457,461,546,512,868,946,1016,885,929,454,1059,738,2785,1073,751,1144,1436,1174,1130,1251,1992,1094,1489,903,1405,611,581,628,635,824,1055,772,398,1699,759,751,606,409,543,803,1187,694,706,783,559,563,522,416,513,524,456,371,507,636,851,751,939,716,568,1835,1659,1751,1287,1763,801,894,1575,1505,1352,1034,927,1132,1043,1745,1490,1989,2129,4044,1083,846,695,780,829,628,684,824,560,742,505,496,1858,1095,1150,590,561,485,463,418,464,394,493,316,555,371,486,411,485,1093,668,622,805,832,5893,1741,1277,1345,885,1085,544,566,766,831,1081,1681,1421,3828,1223,844,1447,2532,814,466,486,506,401,447,500,687,570,456,723,391,586,638,569,413,341,383,367,280,315,412,312,472,448,469,447,355,385,771,687,676,542,1074,1587,2710,1702,1731,1170,1128,1191,1202,1600,1998,1512,1627,2324,2273,2144,2034,4709,1165,757,650,597,848,426,771,763,1500,1144,933,1541,1564,643,743,671,596,496,500,381,393,573,521,480,487,485,587,699,779,656,802,556,535,896,1073,2290,1649,4446,2053,1783,1895,2689,3486,2464,2271,5627,2037,1591,3485,3309,1857,2226,5800,9456,9529,4346,12648,980,838,184
San Francisco,49ers,NFC,West,0,0,2,0,0,33,39,10,36,15,36,19,13,35,6,23,9,15,25,18,44,33,52,29,24,69,11,16,23,9,19,2,7,14,9,5,1,5,4,9,9,29,24,14,27,13,12,22,13,7,36,26,2,16,64,65,51,51,55,50,101,69,49,93,137,219,173,117,175,254,213,217,203,166,205,361,277,276,892,800,467,109,154,151,154,93,198,439,411,180,248,139,312,114,273,158,164,150,112,111,186,125,129,168,201,240,228,235,173,333,255,321,487,577,611,398,471,720,481,271,377,277,409,843,907,567,752,1187,965,766,1151,1396,1107,1074,2150,319,234,460,310,679,387,405,411,407,273,635,645,460,375,400,356,352,344,336,387,444,386,552,463,774,396,514,477,672,841,831,1080,1072,443,613,507,605,674,732,714,853,666,730,642,603,958,1436,1974,1558,1460,472,1105,493,375,439,437,446,401,583,398,588,544,744,418,748,649,784,504,709,530,513,478,425,567,463,482,560,660,579,595,617,946,722,1016,1044,752,656,962,739,495,831,694,643,1142,827,1038,1279,947,1148,637,792,592,358,755,437,541,435,534,1779,1073,534,527,373,489,564,579,479,485,580,464,578,481,384,378,438,671,310,498,445,751,602,548,577,432,621,1478,701,1095,701,955,1073,742,1161,592,670,574,843,541,485,503,580,855,904,561,431,408,462,389,430,215,531,329,413,459,417,419,431,506,344,318,324,245,280,216,266,319,198,261,202,394,261,212,204,314,370,469,551,1393,564,732,977,674,578,488,443,465,631,548,660,723,835,739,807,1147,711,1013,415,465,627,389,437,555,1063,444,506,702,377,379,547,1243,499,421,335,217,248,320,330,273,275,315,374,428,342,288,342,420,388,426,521,727,1280,472,583,860,815,753,1202,706,547,499,678,633,569,1116,1224,1030,701,620,473,493,966,540,430,526,924,995,487,435,456,487,423,537,382,351,372,423,357,339,355,414,276,342,321,344,304,263,461,304,282,327,729,550,751,886,445,529,1338,582,1009,453,626,456,597,573,674,859,824,849,627,514,499,289,608,448,439,177
Seattle,Seahawks,NFC,West,1,0,0,0,0,27,13,15,35,8,7,8,11,16,13,18,25,12,19,25,26,28,34,32,30,332,300,100,36,12,27,5,11,13,2,7,10,10,8,13,13,27,30,6,21,8,12,14,20,11,32,36,4,12,85,51,53,73,61,45,103,97,70,73,71,109,119,117,124,153,142,84,145,103,205,214,125,133,146,98,93,61,78,151,159,99,241,253,181,135,312,71,242,222,224,112,176,100,94,115,124,75,72,106,163,132,126,147,173,269,275,382,392,362,379,1904,427,603,876,329,406,413,577,418,689,753,1054,1138,1989,2145,2984,867,479,399,626,431,387,266,409,815,568,559,400,598,454,623,724,486,469,412,572,376,443,454,461,531,493,773,686,763,571,618,730,759,1006,881,1608,1602,1189,1145,1116,871,1799,1719,1058,1127,1106,2770,1265,1255,1453,1580,3054,2403,3276,2024,4943,1270,834,613,744,1044,768,870,719,932,831,1390,763,1321,1020,1272,828,1020,862,772,738,750,1011,855,886,931,1084,1063,1132,978,2334,1544,1590,1288,1009,2277,2314,1818,1172,1100,1220,1124,1639,1484,1893,1624,2370,2335,3172,4464,5023,6072,5919,1219,1162,821,803,1642,1245,892,998,761,1001,1068,877,1605,1293,983,944,1075,872,783,1107,829,897,778,1212,1620,1139,1026,1206,1097,1087,1966,1621,2814,1369,3232,2150,1984,1277,1280,1050,1883,1239,2204,1635,1516,1894,1918,4252,5784,1532,1389,789,1566,688,633,463,678,677,611,506,440,714,527,735,646,679,710,604,530,408,482,591,556,709,470,562,535,673,615,634,629,708,1222,1897,1243,1066,1037,1321,1424,2342,1131,2442,1976,1386,1210,1877,2225,1381,1142,3662,4187,1627,909,604,1210,588,449,422,700,923,753,787,868,639,685,851,529,635,567,564,656,434,456,470,411,616,660,513,469,449,413,784,598,714,1578,1646,1611,1130,1340,843,1028,1296,1261,1790,984,1628,1134,2731,3091,1718,1437,1599,1124,1042,918,699,926,440,556,454,1360,1329,751,686,626,619,457,958,546,584,428,541,491,364,485,436,386,450,544,593,584,597,577,525,553,591,1140,787,2131,1089,1401,848,1011,846,1053,873,1655,977,1042,1013,2291,1323,2155,4037,1196,975,1008,677,1153,495,458,106
