Stat,Team,2002,2003,2004,2005,2006,2007,2008,2009,2010,2011,2012,2013,2014,2015,2016,2017,Avg
QBR,ARZ,63.7,68.9,68.5,81,78.7,83.4,96.1,89.1,60.5,73.9,63.1,83.9,81.8,100.9,83.5,76.2,78.325
QBR,ATL,80.2,58.7,72,76.6,75.2,78.9,87.7,80.4,90.8,91.1,99.1,89.5,93.4,87.8,116.8,92.4,85.6625
QBR,BAL,76.5,64.7,70.7,71.3,84.6,75.2,82.8,87.4,93.6,81.7,86.4,72,91,79.4,82.6,81.4,80.08125
QBR,BUF,86,69.4,76.7,75.4,84.6,73.8,81.3,71.7,75.2,77,82.2,75,86,95.6,86.7,82.1,79.91875
QBR,CAR,65.7,79.6,87,88.1,77.9,71.9,84.7,70.5,57,84.8,86.5,88.8,86.2,99.2,75.1,79.8,80.175
QBR,CHI,74.8,61,61.7,61.5,73.5,72.2,77.1,75.6,79.5,73.8,80.4,96.9,87.3,89.7,81.8,79.1,76.61875
QBR,CIN,71.8,87.4,77,97.6,94.1,86.7,68,82.7,82.4,79.6,88.1,89,84.2,104.1,91.8,86,85.65625
QBR,CLE,80.5,75.2,74.9,75.5,69.7,80.7,54.8,55.8,75,72.8,73.5,75.7,72.8,84,77.4,61.4,72.48125
QBR,DAL,69.1,71.4,74.5,83.6,86.5,97.1,84.9,97.6,90.4,100.1,91.3,95.7,110.9,76.6,103,86.3,88.6875
QBR,DEN,84.8,75.6,84.5,88.9,74.7,86.7,85.9,84.4,86.8,73.5,105.3,114.4,101.3,76.3,83.9,73,86.25
QBR,DET,57.9,61.1,76.7,69.1,79.9,79.4,71.3,58.1,82,97.2,81.5,84.2,85.9,95.1,93.3,98.4,79.44375
QBR,GB,86.6,90.5,93.8,70.1,72.1,95.9,93.3,101.8,98.9,122.6,108.3,91.7,109.9,92.7,102.3,81.9,94.525
QBR,HOU,64.7,69.7,83,76,83.8,86.1,88.4,96.3,92,92.7,89.2,74,86.4,85.3,73.3,82.8,82.73125
QBR,IND,88.8,99,119.7,103.3,101,96.1,94.7,95.4,91.9,72.2,76.4,86.5,96.8,77.5,94.5,79.7,92.09375
QBR,JAX,82.5,76,80.7,88.4,80,97.1,81.4,83.2,83.4,62.2,74.7,71.8,72,88.1,79.5,84.4,80.3375
QBR,KC,93.5,92.4,94.9,90.1,84.7,73,77.5,70.8,90.1,73,63.8,88.6,92.2,95.4,93.2,100.8,85.875
QBR,MIA,79.3,72.5,62.5,72.8,71.2,69.6,97.6,73.3,74.8,84.9,76.7,80.1,92.5,88.9,95.5,78.7,79.43125
QBR,MIN,76.1,99,109.8,81.7,72.2,74.2,81.5,107.3,67.7,74.6,81.2,76,79.2,87.9,97.7,99.1,85.325
QBR,NE,85.3,84.3,92.5,91.5,88.3,116,89.1,95.6,109.8,105.7,97.7,87.3,97.5,101.9,109.5,102.6,97.1625
QBR,NO,80.8,88.7,79.5,66.6,94.9,89.4,95.4,106,90.8,110.5,96.4,104.5,97,100.6,102.5,103.9,94.21875
QBR,NYG,85.4,68.4,73.5,75.7,76.8,73,88.2,93.2,85.3,92.9,87.2,67.6,92.2,94.5,86,79.8,82.48125
QBR,NYJ,98.3,85.8,90.5,70.6,82.1,73.9,80.2,62,76.5,78.4,68.3,66.6,75.1,88,67.6,86.1,78.125
QBR,OAK,97.2,65,76.1,76,56.2,70.9,71.6,62,77.5,79.4,82.4,73.9,74.4,91,95.3,85.3,77.1375
QBR,PHI,85.9,80.5,96.4,71.5,96.7,84.6,81.4,92,92.1,78.3,78.6,102.7,84.8,85.6,79.2,97.6,86.74375
QBR,PIT,84.6,76.4,93.2,89.4,80.2,99.9,81.9,98.1,95.2,89.7,88.1,92.3,103.2,91.2,93.9,94.1,90.7125
QBR,SD,76.5,73.1,102,89.7,93,81.3,105.5,103.1,101.9,88.7,88.5,105.5,93.4,94.5,87.6,95.1,92.4625
QBR,SEA,83,88.2,79.1,96.8,76,91.8,72.5,76.7,72.1,77.6,100.6,102.4,95.1,109.8,93.4,94.4,88.09375
QBR,SF,86,84,69.9,53.6,74.4,64.3,81.4,80.8,79.4,91.4,101.2,91.7,86.3,82.6,83.4,78.8,80.575
QBR,STL,79.9,81,86.1,83,92.7,67,66.9,64,76.5,69,82.7,84.8,84.9,74.1,69.5,98.3,78.775
QBR,TB,86.3,81.5,89.1,80.7,66.2,91.7,83.8,59.8,96.2,73.6,81.8,79.6,75.2,84.2,87,90.6,81.70625
QBR,TEN,83.9,100.3,82.1,80.3,61.8,72.6,78.8,74.8,82.6,84.4,76.9,83.6,81,85.5,93.7,77.1,81.2125
QBR,WSH,72.5,73.3,70,87,83.4,84.2,85.2,85.5,78,73.3,102.1,76.1,88.8,102,97.4,93.9,84.54375
COMP,ARZ,291,303,299,419,322,356,418,392,285,307,337,363,320,353,383,339,342.9375
COMP,ATL,268,230,217,247,222,336,265,332,361,365,422,445,418,410,374,343,328.4375
COMP,BAL,262,217,258,335,328,341,261,321,308,314,334,363,344,426,439,363,325.875
COMP,BUF,377,293,262,269,268,263,309,256,296,356,309,299,363,295,286,289,299.375
COMP,CAR,255,270,311,269,325,285,246,264,256,312,284,292,327,300,306,293,287.1875
COMP,CHI,310,271,249,219,282,327,304,340,276,268,287,373,396,334,347,291,304.625
COMP,CIN,350,324,324,362,327,373,303,286,365,308,335,364,323,334,364,304,334.125
COMP,CLE,338,313,251,297,318,305,238,219,296,320,328,379,274,371,338,312,306.0625
COMP,DAL,252,294,308,300,310,342,328,347,379,376,434,375,328,334,325,309,333.8125
COMP,DEN,359,280,303,279,256,326,386,341,334,217,402,461,399,368,339,332,336.375
COMP,DET,277,319,285,297,372,368,281,316,383,423,445,371,365,420,388,374,355.25
COMP,GB,361,310,382,383,350,383,343,357,352,376,374,366,349,348,403,352,361.8125
COMP,HOU,235,248,286,270,329,346,367,399,365,288,354,371,295,358,347,299,322.3125
COMP,IND,392,381,353,347,362,355,393,402,450,302,339,350,410,355,370,285,365.375
COMP,JAX,268,303,305,283,266,288,335,315,291,240,328,349,325,355,369,316,308.5
COMP,KC,292,339,370,317,272,335,310,296,274,299,273,333,320,310,365,363,316.75
COMP,MIA,271,257,309,291,342,318,330,331,335,280,293,357,394,365,316,373,322.625
COMP,MIN,337,333,380,323,332,249,267,377,305,286,300,325,322,294,414,357,325.0625
COMP,NE,374,320,293,352,326,403,339,390,331,402,402,380,392,404,368,389,366.5625
COMP,NO,291,314,309,308,372,440,413,378,450,472,423,446,456,460,472,386,399.375
COMP,NYG,338,344,269,294,301,302,298,338,339,359,323,325,383,392,377,373,334.6875
COMP,NYJ,329,312,282,268,313,310,347,210,288,310,272,266,287,362,311,323,299.375
COMP,OAK,418,278,330,316,263,260,222,255,279,315,376,298,365,373,379,347,317.125
COMP,PHI,318,279,336,337,323,350,362,335,348,330,367,310,384,405,380,341,344.0625
COMP,PIT,350,306,228,228,312,282,303,351,298,341,354,377,411,391,381,384,331.0625
COMP,SD,324,297,288,338,287,281,312,338,359,366,338,378,380,442,349,366,340.1875
COMP,SEA,361,317,304,307,292,371,262,372,324,299,259,267,287,333,368,340,316.4375
COMP,SF,354,299,325,204,257,274,309,312,282,277,289,244,292,322,287,362,293.0625
COMP,STL,408,377,372,392,371,333,292,312,354,292,332,301,327,273,312,320,335.5
COMP,TB,348,369,340,303,296,316,355,279,306,365,311,291,301,312,355,378,326.5625
COMP,TEN,306,315,356,358,226,288,265,271,273,353,318,328,299,342,307,306,306.9375
COMP,WSH,300,283,288,278,274,319,318,340,349,346,291,355,364,386,407,347,327.8125
ATT-P,ARZ,548,534,533,670,545,590,630,594,561,550,608,574,568,562,646,598,581.9375
ATT-P,ATL,479,460,395,451,416,555,434,570,577,594,615,659,632,621,537,530,532.8125
ATT-P,BAL,479,415,465,562,524,557,433,510,491,544,560,619,554,676,679,567,539.6875
ATT-P,BUF,612,502,461,459,431,445,479,441,519,578,511,522,579,465,474,476,497.125
ATT-P,CAR,464,460,536,449,539,505,414,465,484,519,490,473,545,501,563,501,494.25
ATT-P,CHI,543,515,471,418,514,569,528,563,466,473,485,579,609,523,559,473,518
ATT-P,CIN,591,520,536,538,523,575,513,477,590,535,540,587,503,505,563,510,537.875
ATT-P,CLE,552,509,439,497,512,545,488,443,478,570,566,681,502,609,567,574,533.25
ATT-P,DAL,471,510,519,500,506,531,547,550,576,570,658,586,476,528,483,493,531.5
ATT-P,DEN,554,479,521,465,454,515,620,558,580,429,588,675,607,606,570,566,549.1875
ATT-P,DET,577,588,505,520,596,587,509,585,633,666,740,634,604,632,594,570,596.25
ATT-P,GB,580,473,598,626,630,578,541,553,541,552,558,570,536,573,620,562,568.1875
ATT-P,HOU,447,439,471,449,481,529,555,593,574,467,554,633,485,619,583,525,525.25
ATT-P,IND,591,569,527,515,557,551,585,601,679,534,628,582,661,619,584,487,579.375
ATT-P,JAX,462,515,513,487,446,469,537,519,469,469,586,592,557,607,626,527,523.8125
ATT-P,KC,477,536,561,507,450,563,541,536,475,500,475,546,493,473,546,543,513.875
ATT-P,MIA,455,450,586,556,591,558,491,545,557,469,504,594,595,588,477,602,538.625
ATT-P,MIN,558,520,552,510,540,432,452,553,505,510,483,546,517,454,588,527,515.4375
ATT-P,NE,605,537,485,564,527,586,534,592,507,612,641,628,609,629,550,587,574.5625
ATT-P,NO,538,535,542,553,580,652,636,544,661,662,671,651,659,667,674,536,610.0625
ATT-P,NYG,549,616,475,558,523,544,491,542,539,589,539,567,607,623,598,608,560.5
ATT-P,NYJ,485,496,438,470,488,512,529,393,525,547,493,480,498,604,550,510,501.125
ATT-P,OAK,619,521,582,591,483,451,421,485,491,524,629,519,629,605,596,558,544
ATT-P,PHI,548,484,547,620,544,577,606,553,561,554,618,508,621,623,609,564,571.0625
ATT-P,PIT,551,532,358,379,523,442,506,536,479,539,574,586,612,590,596,590,524.5625
ATT-P,SD,538,525,450,526,466,471,478,519,544,582,528,544,574,667,580,583,535.9375
ATT-P,SEA,587,521,532,474,512,590,474,609,544,509,405,420,454,489,567,555,515.125
ATT-P,SF,571,511,561,389,444,513,509,528,500,451,436,417,487,526,491,607,496.3125
ATT-P,STL,635,600,580,599,592,574,520,543,590,549,557,506,515,473,536,518,555.4375
ATT-P,TB,567,592,512,487,535,490,562,524,494,588,566,514,531,535,578,605,542.5
ATT-P,TEN,500,502,589,594,447,464,453,476,474,584,540,533,513,551,504,496,513.75
ATT-P,WSH,559,527,514,481,470,525,510,533,605,591,442,611,547,555,607,540,538.5625
PCT,ARZ,0.531,0.567,0.561,0.625,0.591,0.603,0.663,0.66,0.508,0.558,0.554,0.632,0.563,0.628,0.593,0.567,0.58775
PCT,ATL,0.559,0.5,0.549,0.548,0.534,0.605,0.611,0.582,0.626,0.614,0.686,0.675,0.661,0.66,0.696,0.647,0.6095625
PCT,BAL,0.547,0.523,0.555,0.596,0.626,0.612,0.603,0.629,0.627,0.577,0.596,0.586,0.621,0.63,0.647,0.64,0.6009375
PCT,BUF,0.616,0.584,0.568,0.586,0.622,0.591,0.645,0.58,0.57,0.616,0.605,0.573,0.627,0.634,0.603,0.607,0.6016875
PCT,CAR,0.55,0.587,0.58,0.599,0.603,0.564,0.594,0.568,0.529,0.601,0.58,0.617,0.6,0.599,0.544,0.585,0.58125
PCT,CHI,0.571,0.526,0.529,0.524,0.549,0.575,0.576,0.604,0.592,0.567,0.592,0.644,0.65,0.639,0.621,0.615,0.585875
PCT,CIN,0.592,0.623,0.604,0.673,0.625,0.649,0.591,0.6,0.619,0.576,0.62,0.62,0.642,0.661,0.647,0.596,0.621125
PCT,CLE,0.612,0.615,0.572,0.598,0.621,0.56,0.488,0.494,0.619,0.561,0.58,0.557,0.546,0.609,0.596,0.544,0.57325
PCT,DAL,0.535,0.576,0.593,0.6,0.613,0.644,0.6,0.631,0.658,0.66,0.66,0.64,0.689,0.633,0.673,0.627,0.627
PCT,DEN,0.648,0.585,0.582,0.6,0.564,0.633,0.623,0.611,0.576,0.506,0.684,0.683,0.657,0.607,0.595,0.587,0.6088125
PCT,DET,0.48,0.543,0.564,0.571,0.624,0.627,0.552,0.54,0.605,0.635,0.601,0.585,0.604,0.665,0.653,0.656,0.5940625
PCT,GB,0.622,0.655,0.639,0.612,0.556,0.663,0.634,0.646,0.651,0.681,0.67,0.642,0.651,0.607,0.65,0.626,0.6378125
PCT,HOU,0.526,0.565,0.607,0.601,0.684,0.654,0.661,0.673,0.636,0.617,0.639,0.586,0.608,0.578,0.595,0.57,0.6125
PCT,IND,0.663,0.67,0.67,0.674,0.65,0.644,0.672,0.669,0.663,0.566,0.54,0.601,0.62,0.574,0.634,0.585,0.6309375
PCT,JAX,0.58,0.588,0.595,0.581,0.596,0.614,0.624,0.607,0.62,0.512,0.56,0.59,0.583,0.585,0.589,0.6,0.589
PCT,KC,0.612,0.632,0.66,0.625,0.604,0.595,0.573,0.552,0.577,0.598,0.575,0.61,0.649,0.655,0.668,0.669,0.615875
PCT,MIA,0.596,0.571,0.527,0.523,0.579,0.57,0.672,0.607,0.601,0.597,0.581,0.601,0.662,0.621,0.662,0.62,0.599375
PCT,MIN,0.604,0.64,0.688,0.633,0.615,0.576,0.591,0.682,0.604,0.561,0.621,0.595,0.623,0.648,0.704,0.677,0.628875
PCT,NE,0.618,0.596,0.604,0.624,0.619,0.688,0.635,0.659,0.653,0.657,0.627,0.605,0.644,0.642,0.669,0.663,0.6376875
PCT,NO,0.541,0.587,0.57,0.557,0.641,0.675,0.649,0.695,0.681,0.713,0.63,0.685,0.692,0.69,0.7,0.72,0.651625
PCT,NYG,0.616,0.558,0.566,0.527,0.576,0.555,0.607,0.624,0.629,0.61,0.599,0.573,0.631,0.629,0.63,0.613,0.5964375
PCT,NYJ,0.678,0.629,0.644,0.57,0.641,0.605,0.656,0.534,0.549,0.567,0.552,0.554,0.576,0.599,0.565,0.633,0.597
PCT,OAK,0.675,0.534,0.567,0.535,0.545,0.576,0.527,0.526,0.568,0.601,0.598,0.574,0.58,0.617,0.636,0.622,0.5800625
PCT,PHI,0.58,0.576,0.614,0.544,0.594,0.607,0.597,0.606,0.62,0.596,0.594,0.61,0.618,0.65,0.624,0.605,0.6021875
PCT,PIT,0.635,0.575,0.637,0.602,0.597,0.638,0.599,0.655,0.622,0.633,0.617,0.643,0.672,0.663,0.639,0.651,0.629875
PCT,SD,0.602,0.566,0.64,0.643,0.616,0.597,0.653,0.651,0.66,0.629,0.64,0.695,0.662,0.663,0.602,0.628,0.6341875
PCT,SEA,0.615,0.608,0.571,0.648,0.57,0.629,0.553,0.611,0.596,0.587,0.64,0.636,0.632,0.681,0.649,0.613,0.6149375
PCT,SF,0.62,0.585,0.579,0.524,0.579,0.534,0.607,0.591,0.564,0.614,0.663,0.585,0.6,0.612,0.585,0.596,0.589875
PCT,STL,0.643,0.628,0.641,0.654,0.627,0.58,0.562,0.575,0.6,0.532,0.596,0.595,0.635,0.577,0.582,0.618,0.6028125
PCT,TB,0.614,0.623,0.664,0.622,0.553,0.645,0.632,0.532,0.619,0.621,0.549,0.566,0.567,0.583,0.614,0.625,0.6018125
PCT,TEN,0.612,0.627,0.604,0.603,0.506,0.621,0.585,0.569,0.576,0.604,0.589,0.615,0.583,0.621,0.609,0.617,0.5963125
PCT,WSH,0.537,0.537,0.56,0.578,0.583,0.608,0.624,0.638,0.577,0.585,0.658,0.581,0.665,0.695,0.671,0.643,0.60875
YDS-P,ARZ,2740,2959,2882,4437,3662,4065,4674,4016,2921,3567,3005,4002,3808,4616,4136,3640,3695.625
YDS-P,ATL,3167,2408,2412,2679,2371,3296,3336,3571,3567,4192,4509,4243,4553,4379,4725,3990,3587.375
YDS-P,BAL,2847,2255,2312,3088,3435,3035,2808,3419,3335,3423,3739,3590,3819,4271,4100,3030,3281.625
YDS-P,BUF,3995,2684,2817,2515,2719,2634,3040,2515,3158,3703,3269,3103,3614,3343,3036,2825,3060.625
YDS-P,CAR,2694,3050,3643,3271,3264,2735,3158,2799,2289,3829,3683,3043,3511,3589,3685,3077,3207.5
YDS-P,CHI,3051,2617,2192,2002,3281,3362,3061,3473,3015,3011,2999,4281,3792,3660,3969,2811,3161.0625
YDS-P,CIN,3476,3342,3301,3820,3833,4012,2406,2890,3767,3340,3578,4136,3421,3923,3942,3122,3519.3125
YDS-P,CLE,3412,2834,2824,3047,2898,3726,2380,2076,2989,3090,3435,4047,3465,3782,3264,3228,3156.0625
YDS-P,DAL,2621,3162,3428,3341,3836,4105,3789,4287,4042,4201,4729,3954,3784,3471,3631,3141,3720.125
YDS-P,DEN,3824,2969,3999,3227,2799,3584,4471,3627,4038,2434,4534,5444,4661,3970,3685,3333,3787.4375
YDS-P,DET,2994,2924,2916,2848,3820,3878,2960,3168,3810,4814,4927,4482,4030,4212,4111,4183,3754.8125
YDS-P,GB,3627,3240,4449,3766,3795,4334,3813,4180,4124,4924,4049,4268,4261,3503,4199,3167,3981.1875
YDS-P,HOU,2225,2655,3246,2237,2778,3751,4267,4654,4144,3506,3830,3813,3352,3833,3176,3278,3421.5625
YDS-P,IND,4055,4179,4623,4096,4308,4033,4094,4515,4609,2995,4128,3725,4894,3704,4202,2892,4065.75
YDS-P,JAX,2762,3285,3159,3190,2882,3328,3332,3356,3065,2179,3419,3441,3001,4108,3728,3593,3239.25
YDS-P,KC,3622,3981,4406,3810,3000,3181,3129,2922,2968,3080,2713,3340,3182,3255,3740,4104,3402.0625
YDS-P,MIA,2890,2792,3065,3300,3287,3031,3632,3170,3527,3091,3182,3567,3729,3811,3500,3535,3319.3125
YDS-P,MIN,3685,3951,4516,3146,3123,2745,2956,4156,3097,2957,2751,3427,3244,2928,3836,3753,3391.9375
YDS-P,NE,3577,3432,3588,4120,3400,4731,3569,4436,3847,5084,4662,4087,4121,4587,4308,4418,4122.9375
YDS-P,NO,3441,3438,3587,3343,4503,4314,4977,4355,4441,5347,4997,4918,4764,4970,5074,4189,4416.125
YDS-P,NYG,3951,3383,2818,3578,3058,3154,3177,4019,3885,4734,3825,3588,4272,4343,3879,3479,3696.4375
YDS-P,NYJ,3418,3316,3050,2642,3153,3014,3303,2380,3242,3297,2891,2932,2946,4057,3466,3182,3143.0625
YDS-P,OAK,4475,2751,3858,3582,2420,2631,2369,2557,3180,3962,4084,3340,3275,3879,4051,3631,3377.8125
YDS-P,PHI,3384,3020,3979,3677,4119,3755,3911,4089,3906,4110,3791,4110,4356,4087,3585,3737,3851
YDS-P,PIT,3832,3304,2720,2926,3733,3071,3301,4148,3601,4054,3787,4017,4825,4603,4202,4380,3781.5
YDS-P,SD,3188,3021,3357,3495,3262,3005,3858,4338,4519,4426,3295,4328,4098,4591,4198,4431,3838.125
YDS-P,SEA,4078,3618,3539,3458,3054,3964,2617,3503,3341,3105,3031,3236,3250,3790,4124,3657,3460.3125
YDS-P,SF,3457,3408,3136,1898,2688,2320,3379,3052,3356,2930,3298,2979,3063,3316,2911,3925,3069.75
YDS-P,STL,4154,3961,4253,4036,3962,3233,2947,2686,3268,2870,3550,3125,3400,2805,2951,3831,3439.5
YDS-P,TB,3445,3805,3474,2890,2798,3357,3619,2973,3361,3650,3983,2820,3297,3852,3926,4366,3476
YDS-P,TEN,3320,3878,3616,3597,2596,2878,2819,3031,3107,3923,3323,3496,3412,3503,3541,3191,3326.9375
YDS-P,WSH,3254,3006,2632,3106,3027,3463,3025,3490,3913,3773,3422,3751,4047,4095,4758,3751,3532.0625
AVG-P,ARZ,5,5.5,5.4,6.6,6.7,6.9,7.4,6.8,5.2,6.5,4.9,7,7,8.5,6.8,6.7,6.43125
AVG-P,ATL,6.6,5.2,6.1,5.9,5.7,5.9,7.7,6.3,6.2,7.1,7.3,6.4,7.5,7.4,9.2,7.8,6.76875
AVG-P,BAL,5.9,5.4,5,5.5,6.6,5.5,6.5,6.7,6.8,6.3,6.7,5.8,7.2,6.6,6.4,5.7,6.1625
AVG-P,BUF,6.5,5.4,6.1,5.5,6.3,5.9,6.4,5.7,6.1,6.4,6.4,5.9,6.7,7.7,6.9,6.5,6.275
AVG-P,CAR,5.8,6.6,6.8,7.3,6.1,5.4,7.6,6,4.7,7.4,7.5,6.4,7,7.7,7,6.6,6.61875
AVG-P,CHI,5.6,5.1,4.7,4.8,6.4,5.9,5.8,6.2,6.5,6.4,6.2,7.4,6.6,7.3,7.4,6.5,6.175
AVG-P,CIN,5.9,6.4,6.2,7.1,7.3,7,4.7,6.1,6.4,6.2,6.6,7.1,7.1,8.1,7.5,6.6,6.64375
AVG-P,CLE,6.2,5.6,6.4,6.1,5.7,6.8,4.9,4.7,6.3,5.4,6.1,5.9,7.3,6.8,6.5,6.2,6.05625
AVG-P,DAL,5.6,6.2,6.6,6.7,7.6,7.7,6.9,7.8,7,7.4,7.2,6.8,8.4,7,7.9,6.7,7.09375
AVG-P,DEN,6.9,6.2,7.7,6.9,6.2,7,7.2,6.5,7,5.7,7.7,8.1,7.9,7,6.9,6.5,6.9625
AVG-P,DET,5.2,5,5.8,5.5,6.4,6.6,5.8,5.4,6,7.2,6.7,7.1,7.1,7.1,7.3,7.8,6.375
AVG-P,GB,6.3,6.9,7.4,6,6,7.5,7.1,7.6,7.6,8.9,7.3,7.5,8.3,6.7,7.2,6.3,7.1625
AVG-P,HOU,5,6.1,6.9,5,5.8,7.1,7.7,7.9,7.2,7.5,6.9,6,7.1,6.6,5.9,6.9,6.6
AVG-P,IND,6.9,7.3,8.8,8,7.7,7.3,7,7.5,6.8,5.6,6.6,6.4,7.7,6.3,7.7,6.6,7.1375
AVG-P,JAX,6,6.4,6.2,6.6,6.5,7.1,6.2,6.5,6.5,4.7,5.8,5.8,6.2,7.3,6.3,7.1,6.325
AVG-P,KC,7.6,7.4,7.9,7.5,6.7,5.7,5.8,5.5,6.3,6.2,5.7,6.1,7,7.4,7.2,8,6.75
AVG-P,MIA,6.4,6.2,5.2,5.9,5.6,5.4,7.4,5.8,6.3,6.6,6.3,6,6.8,7.2,7.8,6.3,6.325
AVG-P,MIN,6.6,7.6,8.2,6.2,5.8,6.4,6.5,7.5,6.1,5.8,5.7,6.3,6.9,7.1,7,7.5,6.7
AVG-P,NE,5.9,6.4,7.4,7.3,6.5,8.1,6.7,7.5,7.6,8.3,7.3,6.5,7,7.7,8.1,7.9,7.2625
AVG-P,NO,6.4,6.4,6.6,6.1,7.8,6.6,7.8,8,6.7,8.1,7.5,7.6,7.5,7.8,7.8,8.1,7.3
AVG-P,NYG,7.2,5.5,5.9,6.4,5.9,5.8,6.5,7.4,7.2,8,7.1,6.3,7.4,7.2,6.7,6.1,6.6625
AVG-P,NYJ,7.1,6.7,7,5.6,6.5,5.9,6.2,6.1,6.2,6,5.9,6.1,6.4,6.9,6.6,6.9,6.38125
AVG-P,OAK,7.2,5.3,6.6,6.1,5,5.8,5.6,5.3,6.5,7.6,6.5,6.4,5.5,6.8,6.9,6.7,6.2375
AVG-P,PHI,6.2,6.2,7.3,5.9,7.6,6.5,6.5,7.4,7,7.4,6.1,8.1,7.4,7,6.2,7,6.8625
AVG-P,PIT,7,6.2,7.6,7.7,7.1,7,6.5,7.7,7.5,7.5,6.6,6.9,8.2,8.2,7.3,7.7,7.29375
AVG-P,SD,5.9,5.8,7.5,6.6,7,6.4,8.1,8.4,8.3,7.6,6.2,8,7.5,7.3,7.6,7.8,7.25
AVG-P,SEA,7,6.9,6.7,7.3,6,6.7,5.5,5.8,6.1,6.1,7.5,7.7,7.7,8.3,7.8,7.2,6.89375
AVG-P,SF,6.1,6.7,5.6,4.9,6.1,4.5,6.6,5.8,6.7,6.5,7.6,7.1,7,6.9,6.4,7,6.34375
AVG-P,STL,6.5,6.6,7.3,6.7,6.7,5.6,5.7,5,5.5,5.2,6.4,6.2,7.2,6.2,6.2,7.8,6.3
AVG-P,TB,6.1,6.4,6.8,5.9,5.2,6.9,6.4,5.7,6.8,6.2,7,5.5,6.8,7.6,7.2,7.6,6.50625
AVG-P,TEN,6.6,7.7,6.1,6.1,5.8,6.2,6.2,6.4,6.6,6.7,6.2,6.6,7.3,7.1,7.4,6.8,6.6125
AVG-P,WSH,5.8,5.7,5.1,6.5,6.4,6.6,5.9,6.6,6.5,6.4,7.7,6.1,8.2,7.7,8.2,7.6,6.6875
INT,ARZ,22,22,18,21,17,24,15,18,19,23,21,22,12,13,17,18,18.875
INT,ATL,12,21,16,13,15,15,11,17,9,13,14,17,15,17,7,12,14
INT,BAL,14,19,11,21,14,14,12,13,10,12,11,23,12,21,16,13,14.75
INT,BUF,15,17,17,16,14,14,15,19,21,25,17,15,13,9,7,10,15.25
INT,CAR,22,16,15,16,17,17,12,20,21,17,12,13,12,10,19,16,15.9375
INT,CHI,18,20,16,15,22,21,14,27,21,20,16,13,19,12,19,12,17.8125
INT,CIN,22,15,22,14,13,20,15,13,20,14,16,20,17,9,8,12,15.625
INT,CLE,22,18,21,17,25,20,20,18,18,13,18,20,16,12,14,28,18.75
INT,DAL,16,21,23,17,21,19,20,9,19,12,19,12,11,22,6,13,16.25
INT,DEN,20,18,20,7,18,15,18,13,12,13,11,10,15,23,11,22,15.375
INT,DET,25,24,13,18,22,22,19,32,16,16,17,19,12,14,10,11,18.125
INT,GB,16,21,19,30,18,15,13,8,13,8,8,16,6,8,8,18,14.0625
INT,HOU,15,18,14,13,13,21,20,17,12,9,13,22,13,12,16,17,15.3125
INT,IND,19,10,10,11,9,14,12,19,17,14,18,10,16,19,15,9,13.875
INT,JAX,9,17,11,6,14,8,13,10,21,15,17,21,18,18,16,13,14.1875
INT,KC,13,12,17,10,12,20,16,17,8,18,20,8,6,7,8,8,12.5
INT,MIA,15,19,26,16,19,16,7,19,21,13,13,19,12,12,15,21,16.4375
INT,MIN,23,13,12,16,20,14,17,7,26,17,12,19,18,9,5,8,14.75
INT,NE,14,13,14,15,12,9,11,13,5,12,9,11,9,7,2,8,10.25
INT,NO,15,8,16,24,13,18,18,12,22,14,19,12,17,12,15,8,15.1875
INT,NYG,14,20,13,17,18,20,10,14,25,16,15,29,14,14,16,14,16.8125
INT,NYJ,10,14,11,15,16,19,23,21,14,18,19,22,15,16,25,12,16.875
INT,OAK,10,14,22,14,24,20,11,18,16,23,16,20,16,14,7,14,16.1875
INT,PHI,11,11,11,20,9,15,16,13,13,25,15,9,21,18,14,9,14.375
INT,PIT,22,17,13,14,23,14,15,14,9,15,14,14,10,21,15,15,15.3125
INT,SD,16,19,8,16,9,16,11,10,13,20,15,11,18,13,21,11,14.1875
INT,SEA,16,16,18,10,22,13,15,19,20,14,10,9,7,8,12,12,13.8125
INT,SF,10,15,21,21,16,17,19,14,15,5,8,8,10,12,10,15,13.5
INT,STL,27,23,22,24,8,28,19,21,15,10,14,11,16,11,20,7,17.25
INT,TB,10,22,18,14,18,8,13,29,6,24,17,12,20,15,18,14,16.125
INT,TEN,15,9,19,14,19,17,9,15,15,14,16,16,16,17,11,17,14.9375
INT,WSH,20,16,17,11,10,11,6,16,19,24,8,19,18,11,12,13,14.4375
LNG,ARZ,80,71,48,63,64,62,79,45,74,73,53,91,81,68,80,52,67.75
LNG,ATL,74,86,62,58,55,74,70,90,46,80,80,81,79,70,76,88,73.0625
LNG,BAL,77,73,57,48,87,79,70,72,67,74,61,74,80,50,95,66,70.625
LNG,BUF,73,54,69,65,83,85,87,98,65,60,68,59,84,63,84,47,71.5
LNG,CAR,69,67,63,80,72,74,65,66,88,91,82,79,51,74,88,64,73.3125
LNG,CHI,76,61,63,54,75,81,65,71,89,81,60,80,74,87,64,70,71.9375
LNG,CIN,72,82,76,70,74,70,79,73,78,84,73,82,81,80,86,77,77.3125
LNG,CLE,78,71,99,80,75,78,70,59,65,76,71,95,81,61,58,56,73.3125
LNG,DAL,80,64,53,71,56,59,75,80,71,77,85,82,68,67,83,81,72
LNG,DEN,82,72,85,72,83,68,93,87,71,56,71,78,86,75,76,54,75.5625
LNG,DET,64,72,62,86,60,91,96,75,87,73,57,87,73,57,73,71,74
LNG,GB,85,66,79,59,82,82,71,83,86,93,73,83,80,65,66,72,76.5625
LNG,HOU,81,78,69,53,53,77,65,72,60,80,60,66,76,61,53,72,67.25
LNG,IND,69,79,80,80,68,73,75,80,73,87,70,73,80,87,64,80,76.125
LNG,JAX,79,84,65,45,51,80,41,63,75,74,81,67,63,90,51,75,67.75
LNG,KC,99,67,70,60,78,58,75,61,75,52,57,71,70,80,80,79,70.75
LNG,MIA,77,80,76,77,52,64,80,67,57,65,80,67,50,54,74,65,67.8125
LNG,MIN,61,72,82,80,50,79,99,63,53,72,65,79,87,52,71,65,70.625
LNG,NE,49,82,50,71,62,69,76,81,79,99,83,81,69,76,79,64,73.125
LNG,NO,64,76,57,66,86,58,84,75,80,79,80,76,69,80,98,54,73.875
LNG,NYG,82,77,62,78,55,60,48,74,92,99,80,70,80,87,75,77,74.75
LNG,NYJ,47,65,69,60,71,57,56,65,74,74,66,69,74,69,69,69,65.875
LNG,OAK,75,47,63,79,57,59,84,86,73,78,64,73,77,68,75,87,71.5625
LNG,PHI,59,59,80,91,89,75,90,71,91,73,77,70,72,78,73,72,76.25
LNG,PIT,72,81,58,85,87,83,65,60,56,95,82,67,94,88,72,97,77.625
LNG,SD,52,73,79,54,57,49,67,81,59,58,80,60,59,80,59,75,65.125
LNG,SEA,83,80,60,56,72,65,90,53,87,61,67,80,80,80,59,74,71.6875
LNG,SF,76,75,65,89,75,57,63,73,66,56,57,64,80,76,75,83,70.625
LNG,STL,58,48,75,83,67,40,80,50,49,68,80,81,63,68,66,94,66.875
LNG,TB,76,76,75,80,64,69,71,47,64,65,95,85,56,68,45,70,69.125
LNG,TEN,55,73,48,57,53,73,56,69,80,80,71,77,80,61,60,75,66.75
LNG,WSH,62,64,51,78,74,54,67,84,76,51,88,62,81,78,80,74,70.25
TD-P,ARZ,18,18,14,21,17,32,31,27,10,21,11,24,21,35,28,21,21.8125
TD-P,ATL,18,14,15,19,21,18,16,26,28,29,32,26,28,21,38,21,23.125
TD-P,BAL,20,16,13,17,21,13,16,21,25,21,22,19,27,21,20,20,19.5
TD-P,BUF,24,11,21,18,19,12,14,17,24,24,24,16,23,23,17,16,18.9375
TD-P,CAR,15,19,29,25,19,19,15,16,9,21,19,24,23,35,21,22,20.6875
TD-P,CHI,22,12,9,11,24,18,20,27,23,18,21,32,30,21,19,13,20
TD-P,CIN,17,26,23,32,28,26,11,21,26,21,28,33,20,31,18,25,24.125
TD-P,CLE,27,17,21,15,15,29,11,11,13,16,16,26,12,20,15,15,17.4375
TD-P,DAL,14,17,19,23,26,36,29,26,29,33,29,33,37,16,25,22,25.875
TD-P,DEN,21,19,27,18,20,21,25,21,25,20,37,55,40,19,20,19,25.4375
TD-P,DET,19,17,19,15,21,19,18,16,26,41,22,29,22,33,24,29,23.125
TD-P,GB,29,32,36,20,18,30,28,30,31,51,40,25,38,31,40,25,31.5
TD-P,HOU,11,14,16,15,14,24,21,29,24,20,22,19,22,29,15,28,20.1875
TD-P,IND,27,29,51,31,31,32,27,34,33,14,23,23,42,26,32,13,29.25
TD-P,JAX,18,17,17,21,17,28,15,15,26,12,20,16,15,35,24,21,19.8125
TD-P,KC,27,24,27,17,18,17,23,18,27,13,8,24,18,20,19,26,20.375
TD-P,MIA,18,17,19,22,16,12,20,15,17,20,13,24,27,24,27,24,19.6875
TD-P,MIN,19,32,39,18,13,12,22,34,14,20,18,18,17,14,20,25,20.9375
TD-P,NE,28,23,29,28,25,50,21,28,37,39,34,25,34,36,32,32,31.3125
TD-P,NO,27,25,21,15,27,28,34,34,33,46,43,39,33,32,38,23,31.125
TD-P,NYG,19,16,12,24,24,23,23,28,31,29,26,18,30,36,26,20,24.0625
TD-P,NYJ,25,20,19,11,17,15,22,12,20,26,14,13,16,33,16,19,18.625
TD-P,OAK,26,9,24,21,7,17,13,10,18,20,24,17,22,34,29,23,19.625
TD-P,PHI,27,17,32,21,31,24,23,27,28,22,18,32,27,23,16,38,25.375
TD-P,PIT,26,19,20,21,23,34,19,28,22,21,27,28,33,26,33,29,25.5625
TD-P,SD,17,21,29,27,24,22,34,29,30,27,26,32,31,30,33,28,27.5
TD-P,SEA,19,27,23,25,26,30,18,20,14,15,27,27,20,34,23,34,23.875
TD-P,SF,23,25,16,8,16,15,21,23,19,18,23,21,20,16,21,15,18.75
TD-P,STL,24,23,23,23,24,19,11,12,18,9,22,22,20,11,14,28,18.9375
TD-P,TB,23,27,24,17,14,18,18,18,26,17,27,22,21,22,29,26,21.8125
TD-P,TEN,22,30,27,20,13,9,13,16,24,22,17,22,20,25,29,14,20.1875
TD-P,WSH,24,21,18,25,19,18,14,21,21,19,24,20,18,30,25,27,21.5
P-YDsPerGm,ARZ,171.3,184.9,180.1,277.3,228.9,254.1,292.1,251,182.6,222.9,187.8,250.1,238,288.5,258.5,227.5,230.975
P-YDsPerGm,ATL,197.9,150.5,150.8,167.4,148.2,206,208.5,223.2,222.9,262,281.8,265.2,284.6,273.7,295.3,249.4,224.2125
P-YDsPerGm,BAL,177.9,140.9,144.5,193,214.7,189.7,175.5,213.7,208.4,213.9,233.7,224.4,238.7,266.9,256.3,189.4,205.1
P-YDsPerGm,BUF,249.7,167.8,176.1,157.2,169.9,164.6,190,157.2,197.4,231.4,204.3,193.9,225.9,208.9,189.8,176.6,191.29375
P-YDsPerGm,CAR,168.4,190.6,227.7,204.4,204,170.9,197.4,174.9,143.1,239.3,230.2,190.2,219.4,224.3,230.3,192.3,200.4625
P-YDsPerGm,CHI,190.7,163.6,137,125.1,205.1,210.1,191.3,217.1,188.4,188.2,187.4,267.6,237,228.8,248.1,175.7,197.575
P-YDsPerGm,CIN,217.3,208.9,206.3,238.8,239.6,250.8,150.4,180.6,235.4,208.8,223.6,258.5,213.8,245.2,246.4,195.1,219.96875
P-YDsPerGm,CLE,213.3,177.1,176.5,190.4,181.1,232.9,148.8,129.8,186.8,193.1,214.7,252.9,216.6,236.4,204,201.8,197.2625
P-YDsPerGm,DAL,163.8,197.6,214.3,208.8,239.8,256.6,236.8,267.9,252.6,262.6,295.6,247.1,236.5,216.9,226.9,196.3,232.50625
P-YDsPerGm,DEN,239,185.6,249.9,201.7,174.9,224,279.4,226.7,252.4,152.1,283.4,340.3,291.3,248.1,230.3,208.3,236.7125
P-YDsPerGm,DET,187.1,182.8,182.3,178,238.8,242.4,185,198,238.1,300.9,307.9,280.1,251.9,263.3,256.9,261.4,234.68125
P-YDsPerGm,GB,226.7,202.5,278.1,235.4,237.2,270.9,238.3,261.3,257.8,307.8,253.1,266.8,266.3,218.9,262.4,197.9,248.8375
P-YDsPerGm,HOU,139.1,165.9,202.9,139.8,173.6,234.4,266.7,290.9,259,219.1,239.4,238.3,209.5,239.6,198.5,204.9,213.85
P-YDsPerGm,IND,253.4,261.2,288.9,256,269.3,252.1,255.9,282.2,288.1,187.2,258,232.8,305.9,231.5,262.6,180.8,254.11875
P-YDsPerGm,JAX,172.6,205.3,197.4,199.4,180.1,208,208.3,209.8,191.6,136.2,213.7,215.1,187.6,256.8,233,224.6,202.46875
P-YDsPerGm,KC,226.4,248.8,275.4,238.1,187.5,198.8,195.6,182.6,185.5,192.5,169.6,208.8,198.9,203.4,233.8,256.5,212.6375
P-YDsPerGm,MIA,180.6,174.5,191.6,206.3,205.4,189.4,227,198.1,220.4,193.2,198.9,222.9,233.1,238.2,218.8,220.9,207.45625
P-YDsPerGm,MIN,230.3,246.9,282.3,196.6,195.2,171.6,184.8,259.8,193.6,184.8,171.9,214.2,202.8,183,239.8,234.6,212.0125
P-YDsPerGm,NE,223.6,214.5,224.3,257.5,212.5,295.7,223.1,277.3,240.4,317.8,291.4,255.4,257.6,286.7,269.3,276.1,257.7
P-YDsPerGm,NO,215.1,214.9,224.2,208.9,281.4,269.6,311.1,272.2,277.6,334.2,312.3,307.4,297.8,310.6,317.1,261.8,276.0125
P-YDsPerGm,NYG,246.9,211.4,176.1,223.6,191.1,197.1,198.6,251.2,242.8,295.9,239.1,224.3,267,271.4,242.4,217.4,231.01875
P-YDsPerGm,NYJ,213.6,207.3,190.6,165.1,197.1,188.4,206.4,148.8,202.6,206.1,180.7,183.3,184.1,253.6,216.6,198.9,196.45
P-YDsPerGm,OAK,279.7,171.9,241.1,223.9,151.3,164.4,148.1,159.8,198.8,247.6,255.3,208.8,204.7,242.4,253.2,226.9,211.11875
P-YDsPerGm,PHI,211.5,188.8,248.7,229.8,257.4,234.7,244.4,255.6,244.1,256.9,236.9,256.9,272.3,255.4,224.1,233.6,240.69375
P-YDsPerGm,PIT,239.5,206.5,170,182.9,233.3,191.9,206.3,259.3,225.1,253.4,236.7,251.1,301.6,287.7,262.6,273.8,236.35625
P-YDsPerGm,SD,199.3,188.8,209.8,218.4,203.9,187.8,241.1,271.1,282.4,276.6,205.9,270.5,256.1,286.9,262.4,276.9,239.86875
P-YDsPerGm,SEA,254.9,226.1,221.2,216.1,190.9,247.8,163.6,218.9,208.8,194.1,189.4,202.3,203.1,236.9,257.8,228.6,216.28125
P-YDsPerGm,SF,216.1,213,196,118.6,168,145,211.2,190.8,209.8,183.1,206.1,186.2,191.4,207.3,181.9,245.3,191.8625
P-YDsPerGm,STL,259.6,247.6,265.8,252.3,247.6,202.1,184.2,167.9,204.3,179.4,221.9,195.3,212.5,175.3,184.4,239.4,214.975
P-YDsPerGm,TB,215.3,237.8,217.1,180.6,174.9,209.8,226.2,185.8,210.1,228.1,248.9,176.3,206.1,240.8,245.4,272.9,217.25625
P-YDsPerGm,TEN,207.5,242.4,226,224.8,162.3,179.9,176.2,189.4,194.2,245.2,207.7,218.5,213.3,218.9,221.3,199.4,207.9375
P-YDsPerGm,WSH,203.4,187.9,164.5,194.1,189.2,216.4,189.1,218.1,244.6,235.8,213.9,234.4,252.9,255.9,297.4,234.4,220.75
BIG,ARZ,53,45,42,30,24,23,33,51,37,31,31,42,32,50,48,27,37.4375
BIG,ATL,62,48,73,71,86,35,69,46,41,53,35,27,34,48,51,50,51.8125
BIG,BAL,43,70,52,43,41,53,48,51,39,45,48,32,63,38,41,49,47.25
BIG,BUF,47,45,51,41,38,45,51,42,45,50,61,56,27,70,77,60,50.375
BIG,CAR,43,60,36,31,48,54,63,76,51,74,62,54,56,64,47,53,54.5
BIG,CHI,30,46,38,52,50,26,40,32,49,58,54,58,40,44,52,53,45.125
BIG,CIN,37,52,52,54,40,30,41,55,37,42,35,36,57,46,39,42,43.4375
BIG,CLE,39,44,43,36,35,55,40,57,34,29,34,32,42,40,54,50,41.5
BIG,DAL,63,56,47,44,52,45,49,61,49,38,26,39,61,51,72,59,50.75
BIG,DEN,55,60,59,60,55,54,45,53,45,80,47,48,51,46,42,42,52.625
BIG,DET,42,34,48,24,25,38,37,45,46,41,37,47,37,36,35,34,37.875
BIG,GB,55,65,44,34,42,35,41,42,41,41,37,54,67,53,50,37,46.125
BIG,HOU,33,57,46,48,41,35,41,38,54,74,58,45,54,43,49,40,47.25
BIG,IND,36,44,45,34,40,47,24,37,31,39,45,44,41,37,38,40,38.875
BIG,JAX,61,60,50,54,77,68,46,51,67,51,31,27,44,44,41,48,51.25
BIG,KC,73,56,62,67,56,21,47,49,72,45,64,59,45,53,42,52,53.9375
BIG,MIA,81,44,36,41,38,45,47,53,35,58,42,34,54,41,56,31,46
BIG,MIN,73,67,61,46,42,87,59,56,53,75,74,59,41,64,24,48,58.0625
BIG,NE,32,37,56,40,52,42,55,50,49,39,60,49,41,40,43,43,45.5
BIG,NO,45,46,43,45,39,35,32,51,40,55,32,40,47,43,37,54,42.75
BIG,NYG,47,54,49,55,66,51,73,52,59,33,60,38,35,39,30,35,48.5
BIG,NYJ,49,34,72,25,32,44,51,71,53,34,44,50,61,56,50,46,48.25
BIG,OAK,46,40,24,33,42,53,52,42,61,59,29,41,29,33,44,39,41.6875
BIG,PHI,57,59,50,39,60,58,42,43,73,82,59,74,54,47,58,64,57.4375
BIG,PIT,64,34,62,56,50,55,42,47,50,49,45,30,42,47,51,47,48.1875
BIG,SD,69,71,52,48,62,57,37,32,45,55,33,40,35,28,36,47,46.6875
BIG,SEA,41,61,56,75,51,45,49,39,40,43,75,71,83,61,40,60,55.625
BIG,SF,62,63,33,37,57,41,37,41,40,56,81,68,62,42,60,53,52.0625
BIG,STL,40,44,47,51,47,26,41,53,44,47,46,45,47,56,26,59,44.9375
BIG,TB,37,43,34,34,34,51,41,43,63,35,51,47,34,50,35,30,41.375
BIG,TEN,53,42,56,36,56,52,55,65,48,40,45,46,37,33,59,43,47.875
BIG,WSH,58,34,44,54,75,51,53,36,49,40,88,61,49,32,44,36,50.25
ATT-R,ARZ,414,403,475,360,419,402,340,365,320,389,352,422,397,452,399,409,394.875
ATT-R,ATL,523,435,524,531,537,385,560,451,497,453,378,321,372,420,421,430,452.375
ATT-R,BAL,427,552,491,452,476,446,592,468,487,459,444,423,448,383,367,460,460.9375
ATT-R,BUF,388,427,483,428,420,448,439,424,401,391,442,546,402,509,492,487,445.4375
ATT-R,CAR,452,522,422,487,423,451,504,525,428,445,462,483,473,526,453,490,471.625
ATT-R,CHI,382,443,430,488,503,423,434,373,414,456,470,404,355,468,380,422,427.8125
ATT-R,CIN,426,481,437,459,435,416,420,505,428,455,430,481,492,467,446,377,447.1875
ATT-R,CLE,406,412,441,395,372,440,409,498,413,415,396,348,477,380,350,384,408.5
ATT-R,DAL,423,515,449,521,472,419,401,436,428,408,355,336,508,408,499,480,441.125
ATT-R,DEN,457,543,534,542,488,429,387,440,398,546,481,461,443,411,410,457,464.1875
ATT-R,DET,358,376,407,404,304,324,352,409,404,356,391,445,396,354,350,363,374.5625
ATT-R,GB,451,507,441,398,431,388,437,438,421,395,433,459,435,436,374,386,426.875
ATT-R,HOU,424,421,481,437,431,417,432,425,423,546,508,414,551,472,456,448,455.375
ATT-R,IND,434,453,427,465,439,446,370,366,393,382,440,409,415,396,409,451,418.4375
ATT-R,JAX,455,481,446,502,513,522,426,447,512,489,358,378,360,354,392,527,447.625
ATT-R,KC,462,446,496,520,513,383,379,438,556,487,500,442,420,436,412,405,455.9375
ATT-R,MIA,530,487,384,444,402,389,448,509,445,469,440,349,399,344,405,360,425.25
ATT-R,MIN,473,493,387,381,442,494,519,467,441,448,486,423,413,474,380,501,451.375
ATT-R,NE,395,473,524,439,499,451,513,466,454,438,523,470,438,383,482,448,462.25
ATT-R,NO,426,448,406,423,472,392,398,468,380,431,370,391,406,397,404,444,416
ATT-R,NYG,486,387,424,469,455,469,502,443,480,411,409,381,449,403,398,394,435
ATT-R,NYJ,400,409,527,384,491,446,422,607,534,443,494,493,507,448,418,427,465.625
ATT-R,OAK,414,423,327,361,394,508,459,410,504,466,376,437,337,370,434,370,411.875
ATT-R,PHI,489,417,376,365,416,421,427,384,428,450,413,500,474,442,438,473,432.0625
ATT-R,PIT,512,446,618,549,469,511,460,428,471,434,412,394,423,388,409,437,460.0625
ATT-R,SD,466,417,525,465,522,485,421,427,457,436,411,486,398,393,398,419,445.375
ATT-R,SEA,430,453,468,519,484,430,417,395,385,444,536,509,525,500,403,409,456.6875
ATT-R,SF,489,499,413,428,439,357,397,371,401,498,492,505,470,390,458,408,438.4375
ATT-R,STL,343,411,381,380,424,404,417,411,429,409,410,426,395,429,375,454,406.125
ATT-R,TB,414,421,393,457,404,449,451,404,431,346,416,420,353,455,453,389,416
ATT-R,TEN,511,486,420,397,469,543,508,499,406,376,378,462,356,371,476,443,443.8125
ATT-R,WSH,442,421,471,525,490,498,478,391,351,400,519,453,401,429,379,401,440.5625
YDS-R,ARZ,1823,1531,1668,1138,1338,1440,1178,1494,1388,1625,1204,1540,1308,1917,1732,1386,1481.875
YDS-R,ATL,2368,1949,2672,2546,2939,1520,2443,1876,1891,1834,1397,1247,1498,1606,1928,1847,1972.5625
YDS-R,BAL,1792,2674,2063,1605,1637,1797,2376,2200,1831,1996,1901,1328,2019,1478,1463,1856,1876
YDS-R,BUF,1596,1664,1874,1607,1552,1800,1842,1867,1720,1921,2217,2307,1482,2432,2630,2017,1908
YDS-R,CAR,1586,2091,1582,1679,1659,1824,2437,2498,1846,2408,2088,2026,2036,2282,1814,2102,1997.375
YDS-R,CHI,1344,1763,1624,2099,1918,1330,1673,1492,1616,2015,1970,1828,1441,1854,1735,1788,1718.125
YDS-R,CIN,1730,1987,1839,1910,1629,1556,1520,2056,1522,1778,1745,1755,2147,1805,1769,1366,1757.125
YDS-R,CLE,1615,1670,1657,1503,1335,1895,1605,2087,1646,1531,1593,1383,1728,1529,1712,1714,1637.6875
YDS-R,DAL,1754,1999,1769,1861,1936,1746,1723,2103,1786,1807,1265,1504,2354,1890,2396,2170,1878.9375
YDS-R,DEN,2266,2629,2333,2539,2152,1957,1862,1836,1544,2632,1832,1873,1785,1718,1484,1852,2018.375
YDS-R,DET,1477,1338,1777,1471,1129,1288,1332,1616,1613,1523,1613,1792,1422,1335,1310,1221,1453.5625
YDS-R,GB,1933,2558,1908,1352,1663,1597,1805,1885,1606,1558,1702,2136,1917,1850,1701,1724,1805.9375
YDS-R,HOU,1347,1651,1882,1816,1687,1586,1846,1475,2042,2448,2123,1743,2161,1731,1859,1842,1827.4375
YDS-R,IND,1561,1695,1852,1703,1762,1706,1274,1294,1483,1594,1671,1743,1612,1438,1628,1661,1604.8125
YDS-R,JAX,2089,2073,1850,1959,2541,2391,1774,2029,2395,1970,1369,1260,1633,1473,1631,2262,1918.6875
YDS-R,KC,2378,1929,2289,2382,2143,1248,1810,1929,2627,1893,2395,2056,1918,2044,1748,1903,2043.25
YDS-R,MIA,2502,1817,1339,1898,1673,1569,1897,2231,1643,1987,1802,1440,1872,1496,1824,1388,1773.625
YDS-R,MIN,2507,2343,1823,1467,1820,2634,2338,1918,1942,2318,2634,2081,1804,2211,1205,1957,2062.625
YDS-R,NE,1508,1607,2134,1512,1969,1849,2278,1921,1973,1764,2184,2065,1727,1404,1872,1889,1853.5
YDS-R,NO,1764,2000,1606,1688,1761,1466,1594,2106,1519,2127,1577,1473,1818,1491,1742,2070,1737.625
YDS-R,NYG,1875,1559,1904,2209,2156,2148,2518,1837,2200,1427,1862,1332,1603,1609,1412,1549,1825
YDS-R,NYJ,1618,1635,2388,1328,1738,1701,2004,2756,2374,1692,1896,2158,2280,1868,1802,1702,1933.75
YDS-R,OAK,1762,1822,1295,1369,1519,2086,1987,1701,2494,2110,1420,2000,1240,1457,1922,1554,1733.625
YDS-R,PHI,2220,2015,1639,1432,1984,1974,1697,1637,2324,2276,1874,2566,1992,1743,1813,2115,1956.3125
YDS-R,PIT,2120,1488,2464,2223,1992,2168,1690,1793,1924,1903,1537,1383,1752,1724,1760,1667,1849.25
YDS-R,SD,2137,2146,2185,2072,2578,2039,1726,1423,1810,1864,1461,1965,1367,1358,1510,1595,1827.25
YDS-R,SEA,1740,2009,2095,2457,1923,1619,1768,1566,1424,1756,2579,2188,2762,2268,1591,1629,1960.875
YDS-R,SF,2244,2279,1449,1689,2172,1477,1599,1600,1657,2044,2491,2201,2176,1544,2019,1662,1893.9375
YDS-R,STL,1405,1496,1624,1535,1805,1527,1649,1784,1578,1667,1714,1752,1635,1956,1252,1953,1645.75
YDS-R,TB,1557,1648,1489,1826,1523,1872,1837,1627,2001,1458,1837,1612,1375,2162,1616,1450,1680.625
YDS-R,TEN,1952,1623,1871,1525,2214,2109,2199,2592,1727,1438,1687,1894,1447,1485,2187,1833,1861.4375
YDS-R,WSH,1889,1653,1765,2183,2216,1871,2095,1510,1461,1614,2709,2164,1691,1566,1696,1448,1845.6875
AVG-R,ARZ,4.4,3.8,3.5,3.2,3.2,3.6,3.5,4.1,4.3,4.2,3.4,3.6,3.3,4.2,4.3,3.4,3.75
AVG-R,ATL,4.5,4.5,5.1,4.8,5.5,3.9,4.4,4.2,3.8,4,3.7,3.9,4,3.8,4.6,4.3,4.3125
AVG-R,BAL,4.2,4.8,4.2,3.6,3.4,4,4,4.7,3.8,4.3,4.3,3.1,4.5,3.9,4,4,4.05
AVG-R,BUF,4.1,3.9,3.9,3.8,3.7,4,4.2,4.4,4.3,4.9,5,4.2,3.7,4.8,5.3,4.1,4.26875
AVG-R,CAR,3.5,4,3.7,3.4,3.9,4,4.8,4.8,4.3,5.4,4.5,4.2,4.3,4.3,4,4.3,4.2125
AVG-R,CHI,3.5,4,3.8,4.3,3.8,3.1,3.9,4,3.9,4.4,4.2,4.5,4.1,4,4.6,4.2,4.01875
AVG-R,CIN,4.1,4.1,4.2,4.2,3.7,3.7,3.6,4.1,3.6,3.9,4.1,3.6,4.4,3.9,4,3.6,3.925
AVG-R,CLE,4,4.1,3.8,3.8,3.6,4.3,3.9,4.2,4,3.7,4,4,3.6,4,4.9,4.5,4.025
AVG-R,DAL,4.1,3.9,3.9,3.6,4.1,4.2,4.3,4.8,4.2,4.4,3.6,4.5,4.6,4.6,4.8,4.5,4.25625
AVG-R,DEN,5,4.8,4.4,4.7,4.4,4.6,4.8,4.2,3.9,4.8,3.8,4.1,4,4.2,3.6,4.1,4.3375
AVG-R,DET,4.1,3.6,4.4,3.6,3.7,4,3.8,4,4,4.3,4.1,4,3.6,3.8,3.7,3.4,3.88125
AVG-R,GB,4.3,5,4.3,3.4,3.9,4.1,4.1,4.3,3.8,3.9,3.9,4.7,4.4,4.2,4.5,4.5,4.20625
AVG-R,HOU,3.2,3.9,3.9,4.2,3.9,3.8,4.3,3.5,4.8,4.5,4.2,4.2,3.9,3.7,4.1,4.1,4.0125
AVG-R,IND,3.6,3.7,4.3,3.7,4,3.8,3.4,3.5,3.8,4.2,3.8,4.3,3.9,3.6,4,3.7,3.83125
AVG-R,JAX,4.6,4.3,4.1,3.9,5,4.6,4.2,4.5,4.7,4,3.8,3.3,4.5,4.2,4.2,4.3,4.2625
AVG-R,KC,5.1,4.3,4.6,4.6,4.2,3.3,4.8,4.4,4.7,3.9,4.8,4.7,4.6,4.7,4.2,4.7,4.475
AVG-R,MIA,4.7,3.7,3.5,4.3,4.2,4,4.2,4.4,3.7,4.2,4.1,4.1,4.7,4.3,4.5,3.9,4.15625
AVG-R,MIN,5.3,4.8,4.7,3.9,4.1,5.3,4.5,4.1,4.4,5.2,5.4,4.9,4.4,4.7,3.2,3.9,4.55
AVG-R,NE,3.8,3.4,4.1,3.4,3.9,4.1,4.4,4.1,4.3,4,4.2,4.4,3.9,3.7,3.9,4.2,3.9875
AVG-R,NO,4.1,4.5,4,4,3.7,3.7,4,4.5,4,4.9,4.3,3.8,4.5,3.8,4.3,4.7,4.175
AVG-R,NYG,3.9,4,4.5,4.7,4.7,4.6,5,4.1,4.6,3.5,4.6,3.5,3.6,4,3.5,3.9,4.16875
AVG-R,NYJ,4,4,4.5,3.5,3.5,3.8,4.7,4.5,4.4,3.8,3.8,4.4,4.5,4.2,4.3,4,4.11875
AVG-R,OAK,4.3,4.3,4,3.8,3.9,4.1,4.3,4.1,4.9,4.5,3.8,4.6,3.7,3.9,4.4,4.2,4.175
AVG-R,PHI,4.5,4.8,4.4,3.9,4.8,4.7,4,4.3,5.4,5.1,4.5,5.1,4.2,3.9,4.1,4.5,4.5125
AVG-R,PIT,4.1,3.3,4,4,4.2,4.2,3.7,4.2,4.1,4.4,3.7,3.5,4.1,4.4,4.3,3.8,4
AVG-R,SD,4.6,5.1,4.2,4.5,4.9,4.2,4.1,3.3,4,4.3,3.6,4,3.4,3.5,3.8,3.8,4.08125
AVG-R,SEA,4,4.4,4.5,4.7,4,3.8,4.2,4,3.7,4,4.8,4.3,5.3,4.5,3.9,4,4.25625
AVG-R,SF,4.6,4.6,3.5,3.9,4.9,4.1,4,4.3,4.1,4.1,5.1,4.4,4.6,4,4.4,4.1,4.29375
AVG-R,STL,4.1,3.6,4.3,4,4.3,3.8,4,4.3,3.7,4.1,4.2,4.1,4.1,4.6,3.3,4.3,4.05
AVG-R,TB,3.8,3.9,3.8,4,3.8,4.2,4.1,4,4.6,4.2,4.4,3.8,3.9,4.8,3.6,3.7,4.0375
AVG-R,TEN,3.8,3.3,4.5,3.8,4.7,3.9,4.3,5.2,4.3,3.8,4.5,4.1,4.1,4,4.6,4.1,4.1875
AVG-R,WSH,4.3,3.9,3.7,4.2,4.5,3.8,4.4,3.9,4.2,4,5.2,4.8,4.2,3.7,4.5,3.6,4.18125
R-YDsPerGm,ARZ,113.9,95.7,104.3,71.1,83.6,90,73.6,93.4,86.8,101.6,75.3,96.3,81.8,119.8,108.3,86.6,92.63125
R-YDsPerGm,ATL,148,121.8,167,159.1,183.7,95,152.7,117.3,118.2,114.6,87.3,77.9,93.6,100.4,120.5,115.4,123.28125
R-YDsPerGm,BAL,112,167.1,128.9,100.3,102.3,112.3,148.5,137.5,114.4,124.8,118.8,83,126.2,92.4,91.4,116,117.24375
R-YDsPerGm,BUF,99.8,104,117.1,100.4,97,112.5,115.1,116.7,107.5,120.1,138.6,144.2,92.6,152,164.4,126.1,119.25625
R-YDsPerGm,CAR,99.1,130.7,98.9,104.9,103.7,114,152.3,156.1,115.4,150.5,130.5,126.6,127.3,142.6,113.4,131.4,124.8375
R-YDsPerGm,CHI,84,110.2,101.5,131.2,119.9,83.1,104.6,93.3,101,125.9,123.1,114.3,90.1,115.9,108.4,111.8,107.39375
R-YDsPerGm,CIN,108.1,124.2,114.9,119.4,101.8,97.3,95,128.5,95.1,111.1,109.1,109.7,134.2,112.8,110.6,85.4,109.825
R-YDsPerGm,CLE,100.9,104.4,103.6,93.9,83.4,118.4,100.3,130.4,102.9,95.7,99.6,86.4,108,95.6,107,107.1,102.35
R-YDsPerGm,DAL,109.6,124.9,110.6,116.3,121,109.1,107.7,131.4,111.6,112.9,79.1,94,147.1,118.1,149.8,135.6,117.425
R-YDsPerGm,DEN,141.6,164.3,145.8,158.7,134.5,122.3,116.4,114.8,96.5,164.5,114.5,117.1,111.6,107.4,92.8,115.8,126.1625
R-YDsPerGm,DET,92.3,83.6,111.1,91.9,70.6,80.5,83.3,101,100.8,95.2,100.8,112,88.9,83.4,81.9,76.3,90.85
R-YDsPerGm,GB,120.8,159.9,119.3,84.5,103.9,99.8,112.8,117.8,100.4,97.4,106.4,133.5,119.8,115.6,106.3,107.8,112.875
R-YDsPerGm,HOU,84.2,103.2,117.6,113.5,105.4,99.1,115.4,92.2,127.6,153,132.7,108.9,135.1,108.2,116.2,115.1,114.2125
R-YDsPerGm,IND,97.6,105.9,115.8,106.4,110.1,106.6,79.6,80.9,92.7,99.6,104.4,108.9,100.8,89.9,101.8,103.8,100.3
R-YDsPerGm,JAX,130.6,129.6,115.6,122.4,158.8,149.4,110.9,126.8,149.7,123.1,85.6,78.8,102.1,92.1,101.9,141.4,119.925
R-YDsPerGm,KC,148.6,120.6,143.1,148.9,133.9,78,113.1,120.6,164.2,118.3,149.7,128.5,119.9,127.8,109.3,118.9,127.7125
R-YDsPerGm,MIA,156.4,113.6,83.7,118.6,104.6,98.1,118.6,139.4,102.7,124.2,112.6,90,117,93.5,114,86.8,110.8625
R-YDsPerGm,MIN,156.7,146.4,113.9,91.7,113.8,164.6,146.1,119.9,121.4,144.9,164.6,130.1,112.8,138.2,75.3,122.3,128.91875
R-YDsPerGm,NE,94.3,100.4,133.4,94.5,123.1,115.6,142.4,120.1,123.3,110.3,136.5,129.1,107.9,87.8,117,118.1,115.8625
R-YDsPerGm,NO,110.3,125,100.4,105.5,110.1,91.6,99.6,131.6,94.9,132.9,98.6,92.1,113.6,93.2,108.9,129.4,108.60625
R-YDsPerGm,NYG,117.2,97.4,119,138.1,134.8,134.3,157.4,114.8,137.5,89.2,116.4,83.3,100.2,100.6,88.3,96.8,114.08125
R-YDsPerGm,NYJ,101.1,102.2,149.3,83,108.6,106.3,125.3,172.3,148.4,105.8,118.5,134.9,142.5,116.8,112.6,106.4,120.875
R-YDsPerGm,OAK,110.1,113.9,80.9,85.6,94.9,130.4,124.2,106.3,155.9,131.9,88.8,125,77.5,91.1,120.1,97.1,108.35625
R-YDsPerGm,PHI,138.8,125.9,102.4,89.5,124,123.4,106.1,102.3,145.3,142.3,117.1,160.4,124.5,108.9,113.3,132.2,122.275
R-YDsPerGm,PIT,132.5,93,154,138.9,124.5,135.5,105.6,112.1,120.3,118.9,96.1,86.4,109.5,107.8,110,104.2,115.58125
R-YDsPerGm,SD,133.6,134.1,136.6,129.5,161.1,127.4,107.9,88.9,113.1,116.5,91.3,122.8,85.4,84.9,94.4,99.7,114.2
R-YDsPerGm,SEA,108.8,125.6,130.9,153.6,120.2,101.2,110.5,97.9,89,109.8,161.2,136.8,172.6,141.8,99.4,101.8,122.56875
R-YDsPerGm,SF,140.3,142.4,90.6,105.6,135.8,92.3,99.9,100,103.6,127.8,155.7,137.6,136,96.5,126.2,103.9,118.3875
R-YDsPerGm,STL,87.8,93.5,101.5,95.9,112.8,95.4,103.1,111.5,98.6,104.2,107.1,109.5,102.2,122.3,78.3,122.1,102.8625
R-YDsPerGm,TB,97.3,103,93.1,114.1,95.2,117,114.8,101.7,125.1,91.1,114.8,100.8,85.9,135.1,101,90.6,105.0375
R-YDsPerGm,TEN,122,101.4,116.9,95.3,138.4,131.8,137.4,162,107.9,89.9,105.4,118.4,90.4,92.8,136.7,114.6,116.33125
R-YDsPerGm,WSH,118.1,103.3,110.3,136.4,138.5,116.9,130.9,94.4,91.3,100.9,169.3,135.3,105.7,97.9,106,90.5,115.35625
TD-R,ARZ,10,5,15,2,12,9,14,16,9,12,10,12,6,16,20,6,10.875
TD-R,ATL,23,17,20,17,9,7,23,15,14,14,12,11,11,13,20,12,14.875
TD-R,BAL,9,18,11,5,11,11,20,22,11,15,17,7,16,8,10,14,12.8125
TD-R,BUF,17,13,15,6,9,8,16,6,6,12,12,15,7,19,29,12,12.625
TD-R,CAR,11,9,10,17,7,7,30,18,7,26,21,14,10,19,16,15,14.8125
TD-R,CHI,8,13,10,11,14,8,15,6,10,10,11,13,8,13,10,13,10.8125
TD-R,CIN,13,12,14,15,14,10,6,9,8,10,11,14,19,18,17,6,12.25
TD-R,CLE,10,8,6,4,7,13,6,10,13,4,12,4,17,5,13,11,8.9375
TD-R,DAL,7,11,14,13,21,14,12,14,10,5,8,12,16,8,24,18,12.9375
TD-R,DEN,21,20,13,25,12,10,15,9,13,11,12,16,15,13,11,8,14
TD-R,DET,9,5,7,10,9,13,10,9,11,9,17,15,11,7,9,10,10.0625
TD-R,GB,12,18,9,11,9,13,11,20,11,12,9,17,14,8,11,13,12.375
TD-R,HOU,6,14,16,9,13,12,16,13,20,18,19,7,12,7,8,8,12.375
TD-R,IND,12,16,10,18,17,19,13,16,13,8,11,15,9,6,13,11,12.9375
TD-R,JAX,19,13,9,18,23,18,17,19,14,9,5,7,9,5,8,18,13.1875
TD-R,KC,26,32,31,26,17,6,9,8,13,5,9,17,18,19,15,12,16.4375
TD-R,MIA,24,14,10,11,7,14,18,22,8,11,15,8,12,11,14,4,12.6875
TD-R,MIN,26,15,8,10,12,22,15,19,16,18,16,23,12,18,9,15,15.875
TD-R,NE,9,9,15,16,20,17,21,19,19,18,25,19,13,14,19,16,16.8125
TD-R,NO,16,11,15,8,19,14,20,21,9,16,10,10,16,16,17,23,15.0625
TD-R,NYG,14,6,18,17,14,15,19,14,17,17,18,11,13,5,6,6,13.125
TD-R,NYJ,12,8,15,10,15,6,20,21,14,14,12,12,11,11,10,13,12.75
TD-R,OAK,21,15,10,11,5,11,9,7,19,16,4,16,4,7,17,13,11.5625
TD-R,PHI,15,23,10,11,13,12,15,14,18,20,10,19,16,15,16,9,14.75
TD-R,PIT,15,10,16,21,16,9,16,10,15,13,8,9,10,16,13,12,13.0625
TD-R,SD,19,16,24,22,32,19,13,17,18,16,4,9,6,4,10,10,14.9375
TD-R,SEA,17,17,17,29,8,9,10,7,13,15,16,14,20,10,13,4,13.6875
TD-R,SF,16,16,10,9,12,8,10,12,10,14,17,18,10,7,15,15,12.4375
TD-R,STL,11,19,11,13,13,5,8,4,9,7,5,10,11,16,9,17,10.5
TD-R,TB,6,5,9,13,6,15,13,5,9,9,13,6,7,12,8,8,9
TD-R,TEN,16,11,12,8,15,17,24,19,13,8,10,16,6,10,16,18,13.6875
TD-R,WSH,10,8,6,15,13,15,12,8,9,8,22,14,15,9,17,10,11.9375
FUM,ARZ,16,12,8,10,11,15,5,12,9,8,6,8,4,8,11,9,9.5
FUM,ATL,10,6,8,8,8,6,8,5,5,4,4,2,4,12,4,10,6.5
FUM,BAL,13,21,7,12,12,10,12,6,6,6,4,3,7,6,5,6,8.5
FUM,BUF,14,17,11,8,12,7,10,6,12,12,7,12,6,10,12,8,10.25
FUM,CAR,10,11,5,6,7,9,4,11,17,3,8,4,10,8,6,10,8.0625
FUM,CHI,14,10,11,10,6,14,4,10,1,8,4,5,6,7,10,10,8.125
FUM,CIN,7,2,8,3,8,7,13,8,11,7,5,7,8,9,5,4,7
FUM,CLE,6,16,18,12,11,8,8,7,13,10,8,3,8,5,13,6,9.5
FUM,DAL,6,9,11,16,6,5,9,6,9,9,6,5,9,7,9,1,7.6875
FUM,DEN,11,10,13,6,12,13,8,6,14,12,8,10,6,5,5,6,9.0625
FUM,DET,5,7,3,4,8,13,8,7,7,6,7,20,7,7,2,6,7.3125
FUM,GB,9,12,9,13,10,9,13,3,4,5,4,7,7,9,5,5,7.75
FUM,HOU,18,8,10,7,9,5,9,11,5,10,5,6,6,5,8,4,7.875
FUM,IND,5,12,10,4,4,1,4,4,5,7,5,3,12,7,6,8,6.0625
FUM,JAX,5,10,7,2,8,4,6,7,8,14,8,8,6,10,9,9,7.5625
FUM,KC,3,2,7,9,11,3,12,16,8,5,12,9,9,5,5,7,7.6875
FUM,MIA,13,7,9,12,8,9,7,11,14,13,13,6,8,4,11,6,9.4375
FUM,MIN,14,15,11,8,7,14,14,9,9,7,10,9,3,9,4,4,9.1875
FUM,NE,9,9,8,6,6,2,4,7,2,3,6,10,1,2,8,4,5.4375
FUM,NO,9,12,12,6,7,10,9,6,7,3,0,1,6,3,2,6,6.1875
FUM,NYG,15,10,9,4,8,11,7,12,14,7,6,13,2,5,2,5,8.125
FUM,NYJ,5,8,6,11,4,8,9,9,11,9,9,10,10,7,7,6,8.0625
FUM,OAK,5,10,6,5,16,15,12,8,10,7,7,8,10,8,9,9,9.0625
FUM,PHI,11,8,2,14,8,4,4,7,7,10,19,6,10,11,9,11,8.8125
FUM,PIT,9,9,6,12,12,8,5,8,9,5,10,6,7,5,7,6,7.75
FUM,SD,3,9,11,2,8,7,3,2,13,8,5,5,5,7,6,7,6.3125
FUM,SEA,6,9,11,7,9,10,7,14,3,10,7,7,10,10,8,7,8.4375
FUM,SF,6,13,12,8,10,12,15,5,8,5,11,7,10,8,8,7,9.0625
FUM,STL,9,6,2,11,7,8,8,7,2,7,6,6,11,12,6,8,7.25
FUM,TB,6,8,12,5,10,6,6,13,9,9,3,8,8,11,9,8,8.1875
FUM,TEN,6,9,10,8,12,14,7,14,9,6,6,8,7,9,10,4,8.6875
FUM,WSH,10,7,9,10,12,16,6,7,6,5,13,11,9,11,7,10,9.3125
FUML,ARZ,9,5,3,5,5,3,2,7,5,4,3,4,2,4,5,3,4.3125
FUML,ATL,6,2,4,4,3,3,3,3,4,3,2,1,2,8,1,4,3.3125
FUML,BAL,8,12,3,8,5,7,3,3,5,4,1,3,3,2,1,3,4.4375
FUML,BUF,8,6,5,4,5,3,4,3,5,4,6,3,2,2,3,2,4.0625
FUML,CAR,7,6,3,0,3,4,2,6,10,0,4,1,4,5,4,5,4
FUML,CHI,8,1,7,5,4,6,4,3,1,4,2,2,1,3,3,4,3.625
FUML,CIN,3,1,7,0,2,3,5,1,7,2,2,3,3,5,2,3,3.0625
FUML,CLE,2,7,10,5,9,4,1,5,6,3,0,2,4,4,5,2,4.3125
FUML,DAL,3,5,4,6,2,1,4,3,2,3,3,1,6,4,2,1,3.125
FUML,DEN,5,3,6,3,4,4,6,4,9,7,6,6,2,3,2,3,4.5625
FUML,DET,2,1,1,0,6,6,1,2,3,1,5,10,2,3,2,3,3
FUML,GB,4,6,6,3,7,3,4,0,1,2,2,4,3,4,3,2,3.375
FUML,HOU,6,5,5,3,3,3,2,6,2,5,3,3,3,2,2,1,3.375
FUML,IND,3,4,4,2,4,0,1,2,3,5,1,1,6,6,3,1,2.875
FUML,JAX,4,6,3,1,3,3,3,4,4,3,3,3,4,5,5,3,3.5625
FUML,KC,1,1,4,4,4,1,4,6,3,3,9,4,4,2,4,2,3.5
FUML,MIA,9,4,4,6,5,4,3,5,5,5,6,3,4,2,2,3,4.375
FUML,MIN,6,5,6,4,5,9,6,6,5,1,6,5,1,4,3,3,4.6875
FUML,NE,3,5,6,3,5,1,1,5,1,0,3,6,0,0,2,2,2.6875
FUML,NO,4,9,6,5,4,5,3,4,4,3,0,1,3,1,2,3,3.5625
FUML,NYG,7,7,4,2,4,5,1,7,12,1,5,8,0,2,1,1,4.1875
FUML,NYJ,2,3,1,6,1,2,2,4,5,4,3,3,5,2,3,3,3.0625
FUML,OAK,1,5,3,2,8,5,4,5,4,3,2,5,5,3,4,4,3.9375
FUML,PHI,4,4,1,4,4,3,1,3,3,4,11,3,6,8,4,5,4.25
FUML,PIT,5,5,3,3,7,3,2,5,4,4,6,3,3,1,1,2,3.5625
FUML,SD,0,4,4,0,1,5,1,2,7,4,2,3,0,4,3,1,2.5625
FUML,SEA,3,5,4,1,4,5,5,3,1,4,3,2,3,4,3,1,3.1875
FUML,SF,5,6,8,3,9,5,8,2,2,2,3,5,7,1,6,2,4.625
FUML,STL,7,0,2,6,3,3,6,4,1,2,3,4,5,5,2,3,3.5
FUML,TB,4,2,9,3,6,4,3,3,6,5,2,2,4,7,4,3,4.1875
FUML,TEN,3,3,6,4,3,9,5,8,5,3,5,2,3,4,4,2,4.3125
FUML,WSH,8,3,5,7,4,8,6,2,2,1,5,5,2,4,4,3,4.3125
