Stat,Team,2002y,2003y,2004y,2005y,2006y,2007y,2008y,2009y,2010y,2011y,2012y,2013y,2014y,2015y,2016y,2017y,Grand Total,,,
Att,ARZ,414,403,475,360,419,402,340,365,320,389,352,422,397,452,399,409,6318,,,
Att,ATL,523,435,524,531,537,385,560,451,497,453,378,321,372,420,421,430,7238,,,
Att,BAL,427,552,491,452,476,446,592,468,487,459,444,423,448,383,367,460,7375,,,
Att,BUF,388,427,483,428,420,448,439,424,401,391,442,546,402,509,492,487,7127,,,
Att,CAR,452,522,422,487,423,451,504,525,428,445,462,483,473,526,453,490,7546,,,
Att,CHI,382,443,430,488,503,423,434,373,414,456,470,404,355,468,380,422,6845,,,
Att,CIN,426,481,437,459,435,416,420,505,428,455,430,481,492,467,446,377,7155,,,
Att,CLE,406,412,441,395,372,440,409,498,413,415,396,348,477,380,350,384,6536,,,
Att,DAL,423,515,449,521,472,419,401,436,428,408,355,336,508,408,499,480,7058,,,
Att,DEN,457,543,534,542,488,429,387,440,398,546,481,461,443,411,410,457,7427,,,
Att,DET,358,376,407,404,304,324,352,409,404,356,391,445,396,354,350,363,5993,,,
Att,GB,451,507,441,398,431,388,437,438,421,395,433,459,435,436,374,386,6830,,,
Att,HOU,424,421,481,437,431,417,432,425,423,546,508,414,551,472,456,448,7286,,,
Att,IND,434,453,427,465,439,446,370,366,393,382,440,409,415,396,409,451,6695,,,
Att,JAX,455,481,446,502,513,522,426,447,512,489,358,378,360,354,392,527,7162,,,
Att,KC,462,446,496,520,513,383,379,438,556,487,500,442,420,436,412,405,7295,,,
Att,MIA,530,487,384,444,402,389,448,509,445,469,440,349,399,344,405,360,6804,,,
Att,MIN,473,493,387,381,442,494,519,467,441,448,486,423,413,474,380,501,7222,,,
Att,NE,395,473,524,439,499,451,513,466,454,438,523,470,438,383,482,448,7396,,,
Att,NO,426,448,406,423,472,392,398,468,380,431,370,391,406,397,404,444,6656,,,
Att,NYG,486,387,424,469,455,469,502,443,480,411,409,381,449,403,398,394,6960,,,
Att,NYJ,400,409,527,384,491,446,422,607,534,443,494,493,507,448,418,427,7450,,,
Att,OAK,414,423,327,361,394,508,459,410,504,466,376,437,337,370,434,370,6590,,,
Att,PHI,489,417,376,365,416,421,427,384,428,450,413,500,474,442,438,473,6913,,,
Att,PIT,512,446,618,549,469,511,460,428,471,434,412,394,423,388,409,437,7361,,,
Att,SD,466,417,525,465,522,485,421,427,457,436,411,486,398,393,398,419,7126,,,
Att,SEA,430,453,468,519,484,430,417,395,385,444,536,509,525,500,403,409,7307,,,
Att,SF,489,499,413,428,439,357,397,371,401,498,492,505,470,390,458,408,7015,,,
Att,STL,343,411,381,380,424,404,417,411,429,409,410,426,395,429,375,454,6498,,,
Att,TB,414,421,393,457,404,449,451,404,431,346,416,420,353,455,453,389,6656,,,
Att,TEN,511,486,420,397,469,543,508,499,406,376,378,462,356,371,476,443,7101,,,
Att,WSH,442,421,471,525,490,498,478,391,351,400,519,453,401,429,379,401,7049,,,
Yds,ARZ,1823,1531,1668,1138,1338,1440,1178,1494,1388,1625,1204,1540,1308,1917,1732,1386,23710,,,
Yds,ATL,2368,1949,2672,2546,2939,1520,2443,1876,1891,1834,1397,1247,1498,1606,1928,1847,31561,,,
Yds,BAL,1792,2674,2063,1605,1637,1797,2376,2200,1831,1996,1901,1328,2019,1478,1463,1856,30016,,,
Yds,BUF,1596,1664,1874,1607,1552,1800,1842,1867,1720,1921,2217,2307,1482,2432,2630,2017,30528,,,
Yds,CAR,1586,2091,1582,1679,1659,1824,2437,2498,1846,2408,2088,2026,2036,2282,1814,2102,31958,,,
Yds,CHI,1344,1763,1624,2099,1918,1330,1673,1492,1616,2015,1970,1828,1441,1854,1735,1788,27490,,,
Yds,CIN,1730,1987,1839,1910,1629,1556,1520,2056,1522,1778,1745,1755,2147,1805,1769,1366,28114,,,
Yds,CLE,1615,1670,1657,1503,1335,1895,1605,2087,1646,1531,1593,1383,1728,1529,1712,1714,26203,,,
Yds,DAL,1754,1999,1769,1861,1936,1746,1723,2103,1786,1807,1265,1504,2354,1890,2396,2170,30063,,,
Yds,DEN,2266,2629,2333,2539,2152,1957,1862,1836,1544,2632,1832,1873,1785,1718,1484,1852,32294,,,
Yds,DET,1477,1338,1777,1471,1129,1288,1332,1616,1613,1523,1613,1792,1422,1335,1310,1221,23257,,,
Yds,GB,1933,2558,1908,1352,1663,1597,1805,1885,1606,1558,1702,2136,1917,1850,1701,1724,28895,,,
Yds,HOU,1347,1651,1882,1816,1687,1586,1846,1475,2042,2448,2123,1743,2161,1731,1859,1842,29239,,,
Yds,IND,1561,1695,1852,1703,1762,1706,1274,1294,1483,1594,1671,1743,1612,1438,1628,1661,25677,,,
Yds,JAX,2089,2073,1850,1959,2541,2391,1774,2029,2395,1970,1369,1260,1633,1473,1631,2262,30699,,,
Yds,KC,2378,1929,2289,2382,2143,1248,1810,1929,2627,1893,2395,2056,1918,2044,1748,1903,32692,,,
Yds,MIA,2502,1817,1339,1898,1673,1569,1897,2231,1643,1987,1802,1440,1872,1496,1824,1388,28378,,,
Yds,MIN,2507,2343,1823,1467,1820,2634,2338,1918,1942,2318,2634,2081,1804,2211,1205,1957,33002,,,
Yds,NE,1508,1607,2134,1512,1969,1849,2278,1921,1973,1764,2184,2065,1727,1404,1872,1889,29656,,,
Yds,NO,1764,2000,1606,1688,1761,1466,1594,2106,1519,2127,1577,1473,1818,1491,1742,2070,27802,,,
Yds,NYG,1875,1559,1904,2209,2156,2148,2518,1837,2200,1427,1862,1332,1603,1609,1412,1549,29200,,,
Yds,NYJ,1618,1635,2388,1328,1738,1701,2004,2756,2374,1692,1896,2158,2280,1868,1802,1702,30940,,,
Yds,OAK,1762,1822,1295,1369,1519,2086,1987,1701,2494,2110,1420,2000,1240,1457,1922,1554,27738,,,
Yds,PHI,2220,2015,1639,1432,1984,1974,1697,1637,2324,2276,1874,2566,1992,1743,1813,2115,31301,,,
Yds,PIT,2120,1488,2464,2223,1992,2168,1690,1793,1924,1903,1537,1383,1752,1724,1760,1667,29588,,,
Yds,SD,2137,2146,2185,2072,2578,2039,1726,1423,1810,1864,1461,1965,1367,1358,1510,1595,29236,,,
Yds,SEA,1740,2009,2095,2457,1923,1619,1768,1566,1424,1756,2579,2188,2762,2268,1591,1629,31374,,,
Yds,SF,2244,2279,1449,1689,2172,1477,1599,1600,1657,2044,2491,2201,2176,1544,2019,1662,30303,,,
Yds,STL,1405,1496,1624,1535,1805,1527,1649,1784,1578,1667,1714,1752,1635,1956,1252,1953,26332,,,
Yds,TB,1557,1648,1489,1826,1523,1872,1837,1627,2001,1458,1837,1612,1375,2162,1616,1450,26890,,,
Yds,TEN,1952,1623,1871,1525,2214,2109,2199,2592,1727,1438,1687,1894,1447,1485,2187,1833,29783,,,
Yds,WSH,1889,1653,1765,2183,2216,1871,2095,1510,1461,1614,2709,2164,1691,1566,1696,1448,29531,,,
Avg,ARZ,4.4,3.8,3.5,3.2,3.2,3.6,3.5,4.1,4.3,4.2,3.4,3.6,3.3,4.2,4.3,3.4,60,,,
Avg,ATL,4.5,4.5,5.1,4.8,5.5,3.9,4.4,4.2,3.8,4,3.7,3.9,4,3.8,4.6,4.3,69,,,
Avg,BAL,4.2,4.8,4.2,3.6,3.4,4,4,4.7,3.8,4.3,4.3,3.1,4.5,3.9,4,4,64.8,,,
Avg,BUF,4.1,3.9,3.9,3.8,3.7,4,4.2,4.4,4.3,4.9,5,4.2,3.7,4.8,5.3,4.1,68.3,,,
Avg,CAR,3.5,4,3.7,3.4,3.9,4,4.8,4.8,4.3,5.4,4.5,4.2,4.3,4.3,4,4.3,67.4,,,
Avg,CHI,3.5,4,3.8,4.3,3.8,3.1,3.9,4,3.9,4.4,4.2,4.5,4.1,4,4.6,4.2,64.3,,,
Avg,CIN,4.1,4.1,4.2,4.2,3.7,3.7,3.6,4.1,3.6,3.9,4.1,3.6,4.4,3.9,4,3.6,62.8,,,
Avg,CLE,4,4.1,3.8,3.8,3.6,4.3,3.9,4.2,4,3.7,4,4,3.6,4,4.9,4.5,64.4,,,
Avg,DAL,4.1,3.9,3.9,3.6,4.1,4.2,4.3,4.8,4.2,4.4,3.6,4.5,4.6,4.6,4.8,4.5,68.1,,,
Avg,DEN,5,4.8,4.4,4.7,4.4,4.6,4.8,4.2,3.9,4.8,3.8,4.1,4,4.2,3.6,4.1,69.4,,,
Avg,DET,4.1,3.6,4.4,3.6,3.7,4,3.8,4,4,4.3,4.1,4,3.6,3.8,3.7,3.4,62.1,,,
Avg,GB,4.3,5,4.3,3.4,3.9,4.1,4.1,4.3,3.8,3.9,3.9,4.7,4.4,4.2,4.5,4.5,67.3,,,
Avg,HOU,3.2,3.9,3.9,4.2,3.9,3.8,4.3,3.5,4.8,4.5,4.2,4.2,3.9,3.7,4.1,4.1,64.2,,,
Avg,IND,3.6,3.7,4.3,3.7,4,3.8,3.4,3.5,3.8,4.2,3.8,4.3,3.9,3.6,4,3.7,61.3,,,
Avg,JAX,4.6,4.3,4.1,3.9,5,4.6,4.2,4.5,4.7,4,3.8,3.3,4.5,4.2,4.2,4.3,68.2,,,
Avg,KC,5.1,4.3,4.6,4.6,4.2,3.3,4.8,4.4,4.7,3.9,4.8,4.7,4.6,4.7,4.2,4.7,71.6,,,
Avg,MIA,4.7,3.7,3.5,4.3,4.2,4,4.2,4.4,3.7,4.2,4.1,4.1,4.7,4.3,4.5,3.9,66.5,,,
Avg,MIN,5.3,4.8,4.7,3.9,4.1,5.3,4.5,4.1,4.4,5.2,5.4,4.9,4.4,4.7,3.2,3.9,72.8,,,
Avg,NE,3.8,3.4,4.1,3.4,3.9,4.1,4.4,4.1,4.3,4,4.2,4.4,3.9,3.7,3.9,4.2,63.8,,,
Avg,NO,4.1,4.5,4,4,3.7,3.7,4,4.5,4,4.9,4.3,3.8,4.5,3.8,4.3,4.7,66.8,,,
Avg,NYG,3.9,4,4.5,4.7,4.7,4.6,5,4.1,4.6,3.5,4.6,3.5,3.6,4,3.5,3.9,66.7,,,
Avg,NYJ,4,4,4.5,3.5,3.5,3.8,4.7,4.5,4.4,3.8,3.8,4.4,4.5,4.2,4.3,4,65.9,,,
Avg,OAK,4.3,4.3,4,3.8,3.9,4.1,4.3,4.1,4.9,4.5,3.8,4.6,3.7,3.9,4.4,4.2,66.8,,,
Avg,PHI,4.5,4.8,4.4,3.9,4.8,4.7,4,4.3,5.4,5.1,4.5,5.1,4.2,3.9,4.1,4.5,72.2,,,
Avg,PIT,4.1,3.3,4,4,4.2,4.2,3.7,4.2,4.1,4.4,3.7,3.5,4.1,4.4,4.3,3.8,64,,,
Avg,SD,4.6,5.1,4.2,4.5,4.9,4.2,4.1,3.3,4,4.3,3.6,4,3.4,3.5,3.8,3.8,65.3,,,
Avg,SEA,4,4.4,4.5,4.7,4,3.8,4.2,4,3.7,4,4.8,4.3,5.3,4.5,3.9,4,68.1,,,
Avg,SF,4.6,4.6,3.5,3.9,4.9,4.1,4,4.3,4.1,4.1,5.1,4.4,4.6,4,4.4,4.1,68.7,,,
Avg,STL,4.1,3.6,4.3,4,4.3,3.8,4,4.3,3.7,4.1,4.2,4.1,4.1,4.6,3.3,4.3,64.8,,,
Avg,TB,3.8,3.9,3.8,4,3.8,4.2,4.1,4,4.6,4.2,4.4,3.8,3.9,4.8,3.6,3.7,64.6,,,
Avg,TEN,3.8,3.3,4.5,3.8,4.7,3.9,4.3,5.2,4.3,3.8,4.5,4.1,4.1,4,4.6,4.1,67,,,
Avg,WSH,4.3,3.9,3.7,4.2,4.5,3.8,4.4,3.9,4.2,4,5.2,4.8,4.2,3.7,4.5,3.6,66.9,,,
Yds/G,ARZ,113.9,95.7,104.3,71.1,83.6,90,73.6,93.4,86.8,101.6,75.3,96.3,81.8,119.8,108.3,86.6,1482.1,,,
Yds/G,ATL,148,121.8,167,159.1,183.7,95,152.7,117.3,118.2,114.6,87.3,77.9,93.6,100.4,120.5,115.4,1972.5,,,
Yds/G,BAL,112,167.1,128.9,100.3,102.3,112.3,148.5,137.5,114.4,124.8,118.8,83,126.2,92.4,91.4,116,1875.9,,,
Yds/G,BUF,99.8,104,117.1,100.4,97,112.5,115.1,116.7,107.5,120.1,138.6,144.2,92.6,152,164.4,126.1,1908.1,,,
Yds/G,CAR,99.1,130.7,98.9,104.9,103.7,114,152.3,156.1,115.4,150.5,130.5,126.6,127.3,142.6,113.4,131.4,1997.4,,,
Yds/G,CHI,84,110.2,101.5,131.2,119.9,83.1,104.6,93.3,101,125.9,123.1,114.3,90.1,115.9,108.4,111.8,1718.3,,,
Yds/G,CIN,108.1,124.2,114.9,119.4,101.8,97.3,95,128.5,95.1,111.1,109.1,109.7,134.2,112.8,110.6,85.4,1757.2,,,
Yds/G,CLE,100.9,104.4,103.6,93.9,83.4,118.4,100.3,130.4,102.9,95.7,99.6,86.4,108,95.6,107,107.1,1637.6,,,
Yds/G,DAL,109.6,124.9,110.6,116.3,121,109.1,107.7,131.4,111.6,112.9,79.1,94,147.1,118.1,149.8,135.6,1878.8,,,
Yds/G,DEN,141.6,164.3,145.8,158.7,134.5,122.3,116.4,114.8,96.5,164.5,114.5,117.1,111.6,107.4,92.8,115.8,2018.6,,,
Yds/G,DET,92.3,83.6,111.1,91.9,70.6,80.5,83.3,101,100.8,95.2,100.8,112,88.9,83.4,81.9,76.3,1453.6,,,
Yds/G,GB,120.8,159.9,119.3,84.5,103.9,99.8,112.8,117.8,100.4,97.4,106.4,133.5,119.8,115.6,106.3,107.8,1806,,,
Yds/G,HOU,84.2,103.2,117.6,113.5,105.4,99.1,115.4,92.2,127.6,153,132.7,108.9,135.1,108.2,116.2,115.1,1827.4,,,
Yds/G,IND,97.6,105.9,115.8,106.4,110.1,106.6,79.6,80.9,92.7,99.6,104.4,108.9,100.8,89.9,101.8,103.8,1604.8,,,
Yds/G,JAX,130.6,129.6,115.6,122.4,158.8,149.4,110.9,126.8,149.7,123.1,85.6,78.8,102.1,92.1,101.9,141.4,1918.8,,,
Yds/G,KC,148.6,120.6,143.1,148.9,133.9,78,113.1,120.6,164.2,118.3,149.7,128.5,119.9,127.8,109.3,118.9,2043.4,,,
Yds/G,MIA,156.4,113.6,83.7,118.6,104.6,98.1,118.6,139.4,102.7,124.2,112.6,90,117,93.5,114,86.8,1773.8,,,
Yds/G,MIN,156.7,146.4,113.9,91.7,113.8,164.6,146.1,119.9,121.4,144.9,164.6,130.1,112.8,138.2,75.3,122.3,2062.7,,,
Yds/G,NE,94.3,100.4,133.4,94.5,123.1,115.6,142.4,120.1,123.3,110.3,136.5,129.1,107.9,87.8,117,118.1,1853.8,,,
Yds/G,NO,110.3,125,100.4,105.5,110.1,91.6,99.6,131.6,94.9,132.9,98.6,92.1,113.6,93.2,108.9,129.4,1737.7,,,
Yds/G,NYG,117.2,97.4,119,138.1,134.8,134.3,157.4,114.8,137.5,89.2,116.4,83.3,100.2,100.6,88.3,96.8,1825.3,,,
Yds/G,NYJ,101.1,102.2,149.3,83,108.6,106.3,125.3,172.3,148.4,105.8,118.5,134.9,142.5,116.8,112.6,106.4,1934,,,
Yds/G,OAK,110.1,113.9,80.9,85.6,94.9,130.4,124.2,106.3,155.9,131.9,88.8,125,77.5,91.1,120.1,97.1,1733.7,,,
Yds/G,PHI,138.8,125.9,102.4,89.5,124,123.4,106.1,102.3,145.3,142.3,117.1,160.4,124.5,108.9,113.3,132.2,1956.4,,,
Yds/G,PIT,132.5,93,154,138.9,124.5,135.5,105.6,112.1,120.3,118.9,96.1,86.4,109.5,107.8,110,104.2,1849.3,,,
Yds/G,SD,133.6,134.1,136.6,129.5,161.1,127.4,107.9,88.9,113.1,116.5,91.3,122.8,85.4,84.9,94.4,99.7,1827.2,,,
Yds/G,SEA,108.8,125.6,130.9,153.6,120.2,101.2,110.5,97.9,89,109.8,161.2,136.8,172.6,141.8,99.4,101.8,1961.1,,,
Yds/G,SF,140.3,142.4,90.6,105.6,135.8,92.3,99.9,100,103.6,127.8,155.7,137.6,136,96.5,126.2,103.9,1894.2,,,
Yds/G,STL,87.8,93.5,101.5,95.9,112.8,95.4,103.1,111.5,98.6,104.2,107.1,109.5,102.2,122.3,78.3,122.1,1645.8,,,
Yds/G,TB,97.3,103,93.1,114.1,95.2,117,114.8,101.7,125.1,91.1,114.8,100.8,85.9,135.1,101,90.6,1680.6,,,
Yds/G,TEN,122,101.4,116.9,95.3,138.4,131.8,137.4,162,107.9,89.9,105.4,118.4,90.4,92.8,136.7,114.6,1861.3,,,
Yds/G,WSH,118.1,103.3,110.3,136.4,138.5,116.9,130.9,94.4,91.3,100.9,169.3,135.3,105.7,97.9,106,90.5,1845.7,,,
TD,ARZ,10,5,15,2,12,9,14,16,9,12,10,12,6,16,20,6,174,,,
TD,ATL,23,17,20,17,9,7,23,15,14,14,12,11,11,13,20,12,238,,,
TD,BAL,9,18,11,5,11,11,20,22,11,15,17,7,16,8,10,14,205,,,
TD,BUF,17,13,15,6,9,8,16,6,6,12,12,15,7,19,29,12,202,,,
TD,CAR,11,9,10,17,7,7,30,18,7,26,21,14,10,19,16,15,237,,,
TD,CHI,8,13,10,11,14,8,15,6,10,10,11,13,8,13,10,13,173,,,
TD,CIN,13,12,14,15,14,10,6,9,8,10,11,14,19,18,17,6,196,,,
TD,CLE,10,8,6,4,7,13,6,10,13,4,12,4,17,5,13,11,143,,,
TD,DAL,7,11,14,13,21,14,12,14,10,5,8,12,16,8,24,18,207,,,
TD,DEN,21,20,13,25,12,10,15,9,13,11,12,16,15,13,11,8,224,,,
TD,DET,9,5,7,10,9,13,10,9,11,9,17,15,11,7,9,10,161,,,
TD,GB,12,18,9,11,9,13,11,20,11,12,9,17,14,8,11,13,198,,,
TD,HOU,6,14,16,9,13,12,16,13,20,18,19,7,12,7,8,8,198,,,
TD,IND,12,16,10,18,17,19,13,16,13,8,11,15,9,6,13,11,207,,,
TD,JAX,19,13,9,18,23,18,17,19,14,9,5,7,9,5,8,18,211,,,
TD,KC,26,32,31,26,17,6,9,8,13,5,9,17,18,19,15,12,263,,,
TD,MIA,24,14,10,11,7,14,18,22,8,11,15,8,12,11,14,4,203,,,
TD,MIN,26,15,8,10,12,22,15,19,16,18,16,23,12,18,9,15,254,,,
TD,NE,9,9,15,16,20,17,21,19,19,18,25,19,13,14,19,16,269,,,
TD,NO,16,11,15,8,19,14,20,21,9,16,10,10,16,16,17,23,241,,,
TD,NYG,14,6,18,17,14,15,19,14,17,17,18,11,13,5,6,6,210,,,
TD,NYJ,12,8,15,10,15,6,20,21,14,14,12,12,11,11,10,13,204,,,
TD,OAK,21,15,10,11,5,11,9,7,19,16,4,16,4,7,17,13,185,,,
TD,PHI,15,23,10,11,13,12,15,14,18,20,10,19,16,15,16,9,236,,,
TD,PIT,15,10,16,21,16,9,16,10,15,13,8,9,10,16,13,12,209,,,
TD,SD,19,16,24,22,32,19,13,17,18,16,4,9,6,4,10,10,239,,,
TD,SEA,17,17,17,29,8,9,10,7,13,15,16,14,20,10,13,4,219,,,
TD,SF,16,16,10,9,12,8,10,12,10,14,17,18,10,7,15,15,199,,,
TD,STL,11,19,11,13,13,5,8,4,9,7,5,10,11,16,9,17,168,,,
TD,TB,6,5,9,13,6,15,13,5,9,9,13,6,7,12,8,8,144,,,
TD,TEN,16,11,12,8,15,17,24,19,13,8,10,16,6,10,16,18,219,,,
TD,WSH,10,8,6,15,13,15,12,8,9,8,22,14,15,9,17,10,191,,,
Big,ARZ,53,45,42,30,24,23,33,51,37,31,31,42,32,50,48,27,599,,,
Big,ATL,62,48,73,71,86,35,69,46,41,53,35,27,34,48,51,50,829,,,
Big,BAL,43,70,52,43,41,53,48,51,39,45,48,32,63,38,41,49,756,,,
Big,BUF,47,45,51,41,38,45,51,42,45,50,61,56,27,70,77,60,806,,,
Big,CAR,43,60,36,31,48,54,63,76,51,74,62,54,56,64,47,53,872,,,
Big,CHI,30,46,38,52,50,26,40,32,49,58,54,58,40,44,52,53,722,,,
Big,CIN,37,52,52,54,40,30,41,55,37,42,35,36,57,46,39,42,695,,,
Big,CLE,39,44,43,36,35,55,40,57,34,29,34,32,42,40,54,50,664,,,
Big,DAL,63,56,47,44,52,45,49,61,49,38,26,39,61,51,72,59,812,,,
Big,DEN,55,60,59,60,55,54,45,53,45,80,47,48,51,46,42,42,842,,,
Big,DET,42,34,48,24,25,38,37,45,46,41,37,47,37,36,35,34,606,,,
Big,GB,55,65,44,34,42,35,41,42,41,41,37,54,67,53,50,37,738,,,
Big,HOU,33,57,46,48,41,35,41,38,54,74,58,45,54,43,49,40,756,,,
Big,IND,36,44,45,34,40,47,24,37,31,39,45,44,41,37,38,40,622,,,
Big,JAX,61,60,50,54,77,68,46,51,67,51,31,27,44,44,41,48,820,,,
Big,KC,73,56,62,67,56,21,47,49,72,45,64,59,45,53,42,52,863,,,
Big,MIA,81,44,36,41,38,45,47,53,35,58,42,34,54,41,56,31,736,,,
Big,MIN,73,67,61,46,42,87,59,56,53,75,74,59,41,64,24,48,929,,,
Big,NE,32,37,56,40,52,42,55,50,49,39,60,49,41,40,43,43,728,,,
Big,NO,45,46,43,45,39,35,32,51,40,55,32,40,47,43,37,54,684,,,
Big,NYG,47,54,49,55,66,51,73,52,59,33,60,38,35,39,30,35,776,,,
Big,NYJ,49,34,72,25,32,44,51,71,53,34,44,50,61,56,50,46,772,,,
Big,OAK,46,40,24,33,42,53,52,42,61,59,29,41,29,33,44,39,667,,,
Big,PHI,57,59,50,39,60,58,42,43,73,82,59,74,54,47,58,64,919,,,
Big,PIT,64,34,62,56,50,55,42,47,50,49,45,30,42,47,51,47,771,,,
Big,SD,69,71,52,48,62,57,37,32,45,55,33,40,35,28,36,47,747,,,
Big,SEA,41,61,56,75,51,45,49,39,40,43,75,71,83,61,40,60,890,,,
Big,SF,62,63,33,37,57,41,37,41,40,56,81,68,62,42,60,53,833,,,
Big,STL,40,44,47,51,47,26,41,53,44,47,46,45,47,56,26,59,719,,,
Big,TB,37,43,34,34,34,51,41,43,63,35,51,47,34,50,35,30,662,,,
Big,TEN,53,42,56,36,56,52,55,65,48,40,45,46,37,33,59,43,766,,,
Big,WSH,58,34,44,54,75,51,53,36,49,40,88,61,49,32,44,36,804,,,
Fum,ARZ,16,12,8,10,11,15,5,12,9,8,6,8,4,8,11,9,152,,,
Fum,ATL,10,6,8,8,8,6,8,5,5,4,4,2,4,12,4,10,104,,,
Fum,BAL,13,21,7,12,12,10,12,6,6,6,4,3,7,6,5,6,136,,,
Fum,BUF,14,17,11,8,12,7,10,6,12,12,7,12,6,10,12,8,164,,,
Fum,CAR,10,11,5,6,7,9,4,11,17,3,8,4,10,8,6,10,129,,,
Fum,CHI,14,10,11,10,6,14,4,10,1,8,4,5,6,7,10,10,130,,,
Fum,CIN,7,2,8,3,8,7,13,8,11,7,5,7,8,9,5,4,112,,,
Fum,CLE,6,16,18,12,11,8,8,7,13,10,8,3,8,5,13,6,152,,,
Fum,DAL,6,9,11,16,6,5,9,6,9,9,6,5,9,7,9,1,123,,,
Fum,DEN,11,10,13,6,12,13,8,6,14,12,8,10,6,5,5,6,145,,,
Fum,DET,5,7,3,4,8,13,8,7,7,6,7,20,7,7,2,6,117,,,
Fum,GB,9,12,9,13,10,9,13,3,4,5,4,7,7,9,5,5,124,,,
Fum,HOU,18,8,10,7,9,5,9,11,5,10,5,6,6,5,8,4,126,,,
Fum,IND,5,12,10,4,4,1,4,4,5,7,5,3,12,7,6,8,97,,,
Fum,JAX,5,10,7,2,8,4,6,7,8,14,8,8,6,10,9,9,121,,,
Fum,KC,3,2,7,9,11,3,12,16,8,5,12,9,9,5,5,7,123,,,
Fum,MIA,13,7,9,12,8,9,7,11,14,13,13,6,8,4,11,6,151,,,
Fum,MIN,14,15,11,8,7,14,14,9,9,7,10,9,3,9,4,4,147,,,
Fum,NE,9,9,8,6,6,2,4,7,2,3,6,10,1,2,8,4,87,,,
Fum,NO,9,12,12,6,7,10,9,6,7,3,0,1,6,3,2,6,99,,,
Fum,NYG,15,10,9,4,8,11,7,12,14,7,6,13,2,5,2,5,130,,,
Fum,NYJ,5,8,6,11,4,8,9,9,11,9,9,10,10,7,7,6,129,,,
Fum,OAK,5,10,6,5,16,15,12,8,10,7,7,8,10,8,9,9,145,,,
Fum,PHI,11,8,2,14,8,4,4,7,7,10,19,6,10,11,9,11,141,,,
Fum,PIT,9,9,6,12,12,8,5,8,9,5,10,6,7,5,7,6,124,,,
Fum,SD,3,9,11,2,8,7,3,2,13,8,5,5,5,7,6,7,101,,,
Fum,SEA,6,9,11,7,9,10,7,14,3,10,7,7,10,10,8,7,135,,,
Fum,SF,6,13,12,8,10,12,15,5,8,5,11,7,10,8,8,7,145,,,
Fum,STL,9,6,2,11,7,8,8,7,2,7,6,6,11,12,6,8,116,,,
Fum,TB,6,8,12,5,10,6,6,13,9,9,3,8,8,11,9,8,131,,,
Fum,TEN,6,9,10,8,12,14,7,14,9,6,6,8,7,9,10,4,139,,,
Fum,WSH,10,7,9,10,12,16,6,7,6,5,13,11,9,11,7,10,149,,,
FumL,ARZ,9,5,3,5,5,3,2,7,5,4,3,4,2,4,5,3,69,,,
FumL,ATL,6,2,4,4,3,3,3,3,4,3,2,1,2,8,1,4,53,,,
FumL,BAL,8,12,3,8,5,7,3,3,5,4,1,3,3,2,1,3,71,,,
FumL,BUF,8,6,5,4,5,3,4,3,5,4,6,3,2,2,3,2,65,,,
FumL,CAR,7,6,3,0,3,4,2,6,10,0,4,1,4,5,4,5,64,,,
FumL,CHI,8,1,7,5,4,6,4,3,1,4,2,2,1,3,3,4,58,,,
FumL,CIN,3,1,7,0,2,3,5,1,7,2,2,3,3,5,2,3,49,,,
FumL,CLE,2,7,10,5,9,4,1,5,6,3,0,2,4,4,5,2,69,,,
FumL,DAL,3,5,4,6,2,1,4,3,2,3,3,1,6,4,2,1,50,,,
FumL,DEN,5,3,6,3,4,4,6,4,9,7,6,6,2,3,2,3,73,,,
FumL,DET,2,1,1,0,6,6,1,2,3,1,5,10,2,3,2,3,48,,,
FumL,GB,4,6,6,3,7,3,4,0,1,2,2,4,3,4,3,2,54,,,
FumL,HOU,6,5,5,3,3,3,2,6,2,5,3,3,3,2,2,1,54,,,
FumL,IND,3,4,4,2,4,0,1,2,3,5,1,1,6,6,3,1,46,,,
FumL,JAX,4,6,3,1,3,3,3,4,4,3,3,3,4,5,5,3,57,,,
FumL,KC,1,1,4,4,4,1,4,6,3,3,9,4,4,2,4,2,56,,,
FumL,MIA,9,4,4,6,5,4,3,5,5,5,6,3,4,2,2,3,70,,,
FumL,MIN,6,5,6,4,5,9,6,6,5,1,6,5,1,4,3,3,75,,,
FumL,NE,3,5,6,3,5,1,1,5,1,0,3,6,0,0,2,2,43,,,
FumL,NO,4,9,6,5,4,5,3,4,4,3,0,1,3,1,2,3,57,,,
FumL,NYG,7,7,4,2,4,5,1,7,12,1,5,8,0,2,1,1,67,,,
FumL,NYJ,2,3,1,6,1,2,2,4,5,4,3,3,5,2,3,3,49,,,
FumL,OAK,1,5,3,2,8,5,4,5,4,3,2,5,5,3,4,4,63,,,
FumL,PHI,4,4,1,4,4,3,1,3,3,4,11,3,6,8,4,5,68,,,
FumL,PIT,5,5,3,3,7,3,2,5,4,4,6,3,3,1,1,2,57,,,
FumL,SD,0,4,4,0,1,5,1,2,7,4,2,3,0,4,3,1,41,,,
FumL,SEA,3,5,4,1,4,5,5,3,1,4,3,2,3,4,3,1,51,,,
FumL,SF,5,6,8,3,9,5,8,2,2,2,3,5,7,1,6,2,74,,,
FumL,STL,7,0,2,6,3,3,6,4,1,2,3,4,5,5,2,3,56,,,
FumL,TB,4,2,9,3,6,4,3,3,6,5,2,2,4,7,4,3,67,,,
FumL,TEN,3,3,6,4,3,9,5,8,5,3,5,2,3,4,4,2,69,,,
FumL,WSH,8,3,5,7,4,8,6,2,2,1,5,5,2,4,4,3,69,,,
Yds,ARZ,-80,-135,-90,-153,-88,-58,-90,-90,-73,-62,-125,-86,-117,-96,-89,-91,-1523,,,
Yds,ATL,-117,-92,-72,-75,-78,-97,-145,-76,-87,-115,-88,-68,-62,-122,-114,-103,-1511,,,
Yds,BAL,-87,-93,-82,-121,-95,-103,-120,-101,-82,-69,-69,-89,-84,-90,-77,-127,-1489,,,
Yds,BUF,-121,-107,-193,-108,-106,-102,-92,-80,-76,-80,-91,-116,-97,-133,-311,-166,-1979,,,
Yds,CAR,-128,-100,-80,-66,-107,-73,-114,-141,-118,-69,-118,-72,-122,-126,-90,-115,-1639,,,
Yds,CHI,-67,-94,-139,-92,-75,-104,-77,-69,-109,-124,-79,-106,-76,-60,-70,-180,-1521,,,
Yds,CIN,-88,-106,-100,-82,-76,-105,-97,-119,-102,-96,-49,-87,-85,-71,-97,-116,-1476,,,
Yds,CLE,-97,-94,-120,-95,-69,-49,-65,-90,-72,-71,-64,-79,-164,-131,-106,-81,-1447,,,
Yds,DAL,-163,-127,-99,-99,-69,-68,-78,-99,-75,-90,-101,-79,-110,-95,-102,-99,-1553,,,
Yds,DEN,-37,-90,-78,-55,-99,-98,-89,-61,-107,-105,-92,-77,-85,-81,-73,-63,-1290,,,
Yds,DET,-87,-88,-81,-79,-92,-105,-124,-147,-93,-51,-53,-89,-72,-76,-103,-116,-1456,,,
Yds,GB,-74,-106,-85,-128,-84,-77,-105,-59,-74,-72,-52,-74,-78,-90,-71,-42,-1271,,,
Yds,HOU,-143,-101,-73,-55,-76,-64,-83,-91,-113,-124,-130,-74,-133,-85,-82,-76,-1503,,,
Yds,IND,-106,-86,-73,-88,-97,-96,-108,-100,-81,-73,-135,-65,-83,-84,-41,-121,-1437,,,
Yds,JAX,-80,-93,-83,-131,-73,-128,-77,-66,-74,-95,-59,-101,-64,-81,-94,-95,-1394,,,++
Yds,KC,-100,-137,-98,-101,-91,-108,-97,-127,-101,-112,-139,-56,-104,-85,-101,-85,-1642,,,
Yds,MIA,-108,-111,-111,-101,-63,-97,-113,-86,-79,-103,-104,-65,-118,-74,-118,-136,-1587,,,
Yds,MIN,-75,-103,-97,-153,-66,-146,-138,-97,-92,-157,-124,-119,-88,-129,-102,-135,-1821,,,
Yds,NE,-75,-111,-96,-114,-118,-78,-71,-69,-40,-56,-124,-65,-67,-70,-71,-83,-1308,,,
Yds,NO,-92,-58,-108,-81,-86,-74,-99,-87,-74,-63,-84,-114,-73,-90,-50,-82,-1315,,,
Yds,NYG,-98,-103,-92,-99,-85,-87,-128,-98,-115,-87,-54,-123,-90,-79,-68,-107,-1513,,,
Yds,NYJ,-76,-101,-101,-60,-125,-98,-55,-97,-59,-62,-78,-90,-89,-115,-74,-95,-1375,,,
Yds,OAK,-62,-53,-70,-68,-89,-86,-71,-70,-80,-82,-127,-72,-82,-72,-77,-98,-1259,,,
Yds,PHI,-98,-101,-97,-101,-45,-76,-98,-61,-70,-147,-134,-153,-115,-146,-120,-145,-1707,,,
Yds,PIT,-141,-137,-92,-115,-112,-103,-121,-86,-99,-75,-100,-97,-100,-82,-73,-95,-1628,,,
Yds,SD,-90,-72,-110,-73,-71,-107,-58,-80,-62,-61,-75,-49,-102,-85,-90,-114,-1299,,,
Yds,SEA,-115,-105,-98,-143,-125,-131,-122,-104,-109,-94,-117,-130,-86,-98,-117,-117,-1811,,,
Yds,SF,-68,-75,-110,-122,-74,-69,-91,-85,-67,-128,-75,-165,-97,-101,-110,-104,-1541,,,
Yds,STL,-102,-145,-110,-135,-75,-114,-135,-84,-116,-112,-85,-89,-86,-132,-122,-118,-1760,,,
Yds,TB,-101,-65,-90,-83,-76,-54,-86,-82,-90,-94,-87,-100,-93,-119,-114,-71,-1405,,,
Yds,TEN,-77,-121,-68,-86,-93,-93,-140,-106,-129,-99,-161,-90,-41,-85,-96,-131,-1616,,,
Yds,WSH,-68,-70,-139,-70,-108,-97,-75,-60,-141,-70,-112,-89,-100,-93,-77,-100,-1469,,,
Stuff,ARZ,29,48,43,52,42,27,48,42,38,31,52,39,43,47,39,42,662,,,
Stuff,ATL,47,36,31,27,34,49,64,30,41,59,45,36,34,48,49,43,673,,,
Stuff,BAL,33,51,33,53,40,43,65,46,37,34,30,42,41,42,38,56,684,,,
Stuff,BUF,51,42,59,41,48,43,48,37,43,32,36,53,39,58,57,67,754,,,
Stuff,CAR,56,46,42,33,42,38,68,59,47,33,55,42,47,44,38,44,734,,,
Stuff,CHI,29,41,50,45,40,46,35,34,53,56,38,44,34,31,33,69,678,,,
Stuff,CIN,38,39,46,38,37,46,52,50,42,45,24,39,39,35,37,48,655,,,
Stuff,CLE,44,46,56,39,30,25,31,41,28,31,36,33,63,47,46,30,626,,,
Stuff,DAL,57,58,53,51,36,34,46,40,31,36,40,28,48,39,40,39,676,,,
Stuff,DEN,18,41,41,27,39,44,45,36,41,44,46,34,37,40,42,37,612,,,
Stuff,DET,34,47,37,37,40,35,49,55,47,29,32,38,38,38,47,52,655,,,
Stuff,GB,36,47,40,53,34,42,50,32,35,36,27,33,38,44,37,22,606,,,
Stuff,HOU,59,51,37,30,28,26,45,39,39,53,54,36,56,41,34,40,668,,,
Stuff,IND,53,38,39,37,40,34,61,42,40,36,58,27,39,37,22,52,655,,,
Stuff,JAX,38,35,88,53,38,48,44,34,30,44,26,48,32,30,43,43,674,,,
Stuff,KC,41,58,39,38,45,47,45,53,41,53,54,28,36,38,43,36,695,,,
Stuff,MIA,44,48,51,44,30,39,53,36,32,40,41,37,45,34,51,57,682,,,
Stuff,MIN,34,43,41,58,40,60,67,49,43,53,65,43,31,57,46,55,785,,,
Stuff,NE,34,42,45,42,46,35,48,35,22,28,50,33,39,30,41,38,608,,,
Stuff,NO,43,26,40,33,43,36,42,37,32,31,37,45,33,39,24,31,572,,,
Stuff,NYG,58,44,42,43,45,38,66,43,46,39,30,48,38,38,34,37,689,,,
Stuff,NYJ,34,40,42,31,52,43,36,43,30,33,32,37,48,51,39,52,643,,,
Stuff,OAK,33,25,33,30,44,42,35,31,32,38,47,31,31,31,31,42,556,,,
Stuff,PHI,44,40,44,45,24,33,54,28,25,55,51,52,52,48,53,57,705,,,
Stuff,PIT,54,52,45,53,41,44,62,40,43,39,42,35,37,38,26,37,688,,,
Stuff,SD,47,32,42,38,34,50,34,39,34,26,34,23,44,40,48,52,617,,,
Stuff,SEA,46,48,42,62,56,53,55,45,49,45,43,52,41,42,46,51,776,,,
Stuff,SF,41,42,47,50,36,29,47,41,30,58,36,61,49,45,52,46,710,,,
Stuff,STL,49,65,51,67,31,49,56,40,42,48,38,41,41,59,45,48,770,,,
Stuff,TB,48,37,40,38,39,26,42,37,37,37,39,45,41,53,54,34,647,,,
Stuff,TEN,37,62,37,38,43,39,74,50,51,43,50,43,21,46,44,49,727,,,
Stuff,WSH,37,34,47,37,47,50,43,29,53,34,44,45,41,53,33,47,674,,,
